,Name,Slug,Position,Team,Team Slug,Pts,GWs,Mins Pts,G,A,CS,YC,RC,OG,2GC,PenMiss,Saves Pts,PenSave,Bonus
0,Borja Iglesias,borja-iglesias,F,Real Betis,real-betis,0,1,0,0,0,0,0,0,0,0,0,0,0,0
1,Willian José,willian-jose,F,Real Betis,real-betis,0,1,0,0,0,0,0,0,0,0,0,0,0,0
2,Nabil Fekir,nabil-fekir,M,Real Betis,real-betis,2,1,2,0,0,0,0,0,0,0,0,0,0,0
3,Guido Rodríguez,guido-rodriguez,M,Real Betis,real-betis,0,1,0,0,0,0,0,0,0,0,0,0,0,0
4,Luiz Henrique,luiz-henrique,M,Real Betis,real-betis,0,1,0,0,0,0,0,0,0,0,0,0,0,0
5,William Carvalho,william-carvalho,M,Real Betis,real-betis,1,1,1,0,0,0,0,0,0,0,0,0,0,0
6,Andrés Guardado,andres-guardado,M,Real Betis,real-betis,0,1,0,0,0,0,0,0,0,0,0,0,0,0
7,Sergio Canales,sergio-canales,M,Real Betis,real-betis,0,1,0,0,0,0,0,0,0,0,0,0,0,0
8,Marc Roca,marc-roca,M,Real Betis,real-betis,0,1,0,0,0,0,0,0,0,0,0,0,0,0
9,Ayoze Pérez,ayoze-perez,M,Real Betis,real-betis,0,1,0,0,0,0,0,0,0,0,0,0,0,0
10,Juanmi,juanmi,M,Cádiz,cadiz,1,1,1,0,0,0,0,0,0,0,0,0,0,0
11,Rodri Sánchez,rodri-sanchez,M,Real Betis,real-betis,2,1,2,0,0,0,0,0,0,0,0,0,0,0
12,Paul Akouokou,paul-akouokou,M,Real Betis,real-betis,0,1,0,0,0,0,0,0,0,0,0,0,0,0
13,Raúl Fernández,raul-fernandez,G,Granada,granada,0,1,0,0,0,0,0,0,0,0,0,0,0,0
14,Enrique Fernández López,enrique-fernandez-lopez,M,Real Betis,real-betis,0,1,0,0,0,0,0,0,0,0,0,0,0,0
15,Héctor Bellerín,hector-bellerin,D,Real Betis,real-betis,2,1,2,0,0,0,0,0,0,0,0,0,0,0
16,Germán Pezzella,german-pezzella,D,Real Betis,real-betis,2,1,2,0,0,0,0,0,0,0,0,0,0,0
17,Youssouf Sabaly,youssouf-sabaly,D,Real Betis,real-betis,0,1,0,0,0,0,0,0,0,0,0,0,0,0
18,Juan Miranda,juan-miranda,D,Real Betis,real-betis,5,1,2,0,0,1,1,0,0,0,0,0,0,0
19,Luiz Felipe,luiz-felipe,D,Real Betis,real-betis,0,1,0,0,0,0,0,0,0,0,0,0,0,0
20,Abner Vinícius,abner-vinicius,D,Real Betis,real-betis,1,1,1,0,0,0,0,0,0,0,0,0,0,0
21,Aitor Ruibal,aitor-ruibal,D,Real Betis,real-betis,0,1,0,0,0,0,0,0,0,0,0,0,0,0
22,Martín Montoya,martin-montoya,D,Real Betis,real-betis,0,1,0,0,0,0,0,0,0,0,0,0,0,0
23,Claudio Bravo,claudio-bravo,G,Real Betis,real-betis,0,1,0,0,0,0,0,0,0,0,0,0,0,0
24,Rui Silva,rui-silva,G,Real Betis,real-betis,1,1,2,0,0,0,1,0,0,0,0,0,0,0
25,Robert Lewandowski,robert-lewandowski,F,Barcelona,barcelona,6,1,2,1,0,0,0,0,0,0,0,0,0,0
26,Ousmane Dembélé,ousmane-dembele,F,Barcelona,barcelona,0,1,0,0,0,0,0,0,0,0,0,0,0,0
27,Ansu Fati,ansu-fati,F,Barcelona,barcelona,0,1,0,0,0,0,0,0,0,0,0,0,0,0
28,Raphinha,raphinha,F,Barcelona,barcelona,0,1,0,0,0,0,0,0,0,0,0,0,0,0
29,Ferran Torres,ferran-torres,F,Barcelona,barcelona,0,1,0,0,0,0,0,0,0,0,0,0,0,0
30,Abdessamad Ezzalzouli,abdessamad-ezzalzouli,F,Real Betis,real-betis,1,1,1,0,0,0,0,0,0,0,0,0,0,0
31,Pedri,pedri,M,Barcelona,barcelona,5,1,2,0,1,0,0,0,0,0,0,0,0,0
32,Frenkie de Jong,frenkie-de-jong,M,Barcelona,barcelona,4,1,2,0,0,0,0,0,0,0,0,0,0,2
33,Gavi,gavi,M,Barcelona,barcelona,0,1,0,0,0,0,0,0,0,0,0,0,0,0
34,İlkay Gündoğan,ilkay-gundogan,M,Barcelona,barcelona,12,1,1,1,1,0,0,0,0,0,0,0,0,3
35,Franck Kessié,franck-kessie,M,Barcelona,barcelona,0,1,0,0,0,0,0,0,0,0,0,0,0,0
36,Nicolás González,nicolas-gonzalez,M,Barcelona,barcelona,0,1,0,0,0,0,0,0,0,0,0,0,0,0
37,Alex Collado,alex-collado,M,Barcelona,barcelona,0,1,0,0,0,0,0,0,0,0,0,0,0,0
38,Oriol Romeu,oriol-romeu,M,Barcelona,barcelona,1,1,1,0,0,0,0,0,0,0,0,0,0,0
39,Ronald Araújo,ronald-araujo,D,Barcelona,barcelona,2,1,2,0,0,0,0,0,0,0,0,0,0,0
40,Jules Koundé,jules-kounde,D,Barcelona,barcelona,2,1,2,0,0,0,0,0,0,0,0,0,0,0
41,Alejandro Baldé,alejandro-balde,D,Barcelona,barcelona,0,1,0,0,0,0,0,0,0,0,0,0,0,0
42,Andreas Christensen,andreas-christensen,D,Barcelona,barcelona,2,1,2,0,0,0,0,0,0,0,0,0,0,0
43,Sergiño Dest,sergino-dest,D,Barcelona,barcelona,0,1,0,0,0,0,0,0,0,0,0,0,0,0
44,Marcos Alonso,marcos-alonso,D,Barcelona,barcelona,0,1,0,0,0,0,0,0,0,0,0,0,0,0
45,Eric García,eric-garcia,D,Girona FC,girona-fc,9,1,2,0,0,1,0,0,0,0,0,0,0,3
46,Sergi Roberto,sergi-roberto,D,Barcelona,barcelona,0,1,0,0,0,0,0,0,0,0,0,0,0,0
47,Clément Lenglet,clement-lenglet,D,Barcelona,barcelona,0,1,0,0,0,0,0,0,0,0,0,0,0,0
48,Iñigo Martínez,inigo-martinez,D,Barcelona,barcelona,1,1,1,0,0,0,0,0,0,0,0,0,0,0
49,Marc-André ter Stegen,marc-andre-ter-stegen,G,Barcelona,barcelona,0,1,0,0,0,0,0,0,0,0,0,0,0,0
50,Iñaki Peña,inaki-pena,G,Barcelona,barcelona,2,1,2,0,0,0,0,0,0,0,0,0,0,0
51,Radamel Falcao,radamel-falcao,F,Rayo Vallecano,rayo-vallecano,0,1,0,0,0,0,0,0,0,0,0,0,0,0
52,Raúl de Tomás,raul-de-tomas,F,Rayo Vallecano,rayo-vallecano,1,1,1,0,0,0,0,0,0,0,0,0,0,0
53,Randy Nteka,randy-nteka,F,Rayo Vallecano,rayo-vallecano,1,1,1,0,0,0,0,0,0,0,0,0,0,0
54,Andrés Martín,andres-martin,F,Rayo Vallecano,rayo-vallecano,0,1,0,0,0,0,0,0,0,0,0,0,0,0
55,Sergio Moreno,sergio-moreno,F,Rayo Vallecano,rayo-vallecano,0,1,0,0,0,0,0,0,0,0,0,0,0,0
56,Ismaila Ciss,ismaila-ciss,M,Rayo Vallecano,rayo-vallecano,0,1,0,0,0,0,0,0,0,0,0,0,0,0
57,Isi Palazón,isi-palazon,M,Rayo Vallecano,rayo-vallecano,10,1,2,1,0,0,0,0,0,1,0,0,0,3
58,Óscar Trejo,oscar-trejo,M,Rayo Vallecano,rayo-vallecano,1,1,1,0,0,0,0,0,0,0,0,0,0,0
59,Álvaro García,alvaro-garcia,M,Rayo Vallecano,rayo-vallecano,2,1,2,0,0,0,0,0,0,1,0,0,0,0
60,Bebé,bebe,M,Rayo Vallecano,rayo-vallecano,0,1,0,0,0,0,0,0,0,0,0,0,0,0
61,Unai López,unai-lopez,M,Rayo Vallecano,rayo-vallecano,2,1,2,0,0,0,0,0,0,1,0,0,0,0
62,Óscar Valentín,oscar-valentin,M,Rayo Vallecano,rayo-vallecano,2,1,2,0,0,0,0,0,0,1,0,0,0,0
63,Salvi,salvi,M,Rayo Vallecano,rayo-vallecano,0,1,0,0,0,0,0,0,0,0,0,0,0,0
64,Joni Montiel,joni-montiel,M,Rayo Vallecano,rayo-vallecano,0,1,0,0,0,0,0,0,0,0,0,0,0,0
65,José Pozo,jose-pozo,M,Rayo Vallecano,rayo-vallecano,0,1,0,0,0,0,0,0,0,0,0,0,0,0
66,Pablo Muñoz,pablo-munoz,M,Rayo Vallecano,rayo-vallecano,0,1,0,0,0,0,0,0,0,0,0,0,0,0
67,Alfonso Espino,alfonso-espino,D,Rayo Vallecano,rayo-vallecano,5,1,2,0,1,0,0,0,0,1,0,0,0,1
68,Abdul Mumin,abdul-mumin,D,Rayo Vallecano,rayo-vallecano,0,1,0,0,0,0,0,0,0,0,0,0,0,0
69,Ivan Balliu,ivan-balliu,D,Rayo Vallecano,rayo-vallecano,1,1,2,0,0,0,0,0,0,1,0,0,0,0
70,Aridane Hernández,aridane-hernandez,D,Rayo Vallecano,rayo-vallecano,1,1,2,0,0,0,0,0,0,1,0,0,0,0
71,Josep Chavarría,josep-chavarria,D,Rayo Vallecano,rayo-vallecano,1,1,2,0,0,0,0,0,0,1,0,0,0,0
72,Martín Pascual,martin-pascual,D,Rayo Vallecano,rayo-vallecano,0,1,0,0,0,0,0,0,0,0,0,0,0,0
73,Jorge Moreno,jorge-moreno,D,Rayo Vallecano,rayo-vallecano,0,1,0,0,0,0,0,0,0,0,0,0,0,0
74,Sergio Arribas,sergio-arribas,M,Rayo Vallecano,almeria,10,1,2,1,0,0,0,0,0,1,0,0,0,3
75,Stole Dimitrievski,stole-dimitrievski,G,Rayo Vallecano,rayo-vallecano,2,1,2,0,0,0,0,0,0,1,0,1,0,0
76,Miguel Ángel Morro,miguel-angel-morro,G,Villarreal,villarreal,0,1,0,0,0,0,0,0,0,0,0,0,0,0
77,Miguel Benedí,miguel-benedi,G,Rayo Vallecano,rayo-vallecano,0,1,0,0,0,0,0,0,0,0,0,0,0,0
78,Gerard Moreno,gerard-moreno,F,Villarreal,villarreal,2,1,2,0,0,1,0,0,0,0,0,0,0,0
79,Arnaut Danjuma,arnaut-danjuma,F,Villarreal,villarreal,0,1,0,0,0,0,0,0,0,0,0,0,0,0
80,Ben Brereton Díaz,ben-brereton-diaz,F,Villarreal,villarreal,0,1,0,0,0,0,0,0,0,0,0,0,0,0
81,Ilias Akhomach,ilias-akhomach,M,Villarreal,villarreal,1,1,1,0,0,0,0,0,0,0,0,0,0,0
82,José Luis Morales,jose-luis-morales,F,Villarreal,villarreal,1,1,1,0,0,0,0,0,0,0,0,0,0,0
83,Samuel Chukwueze,samuel-chukwueze,M,Villarreal,villarreal,0,1,0,0,0,0,0,0,0,0,0,0,0,0
84,Yéremy Pino,yeremy-pino,M,Villarreal,villarreal,0,1,0,0,0,0,0,0,0,0,0,0,0,0
85,Dani Parejo,dani-parejo,M,Villarreal,villarreal,0,1,0,0,0,0,0,0,0,0,0,0,0,0
86,Denis Suárez,denis-suarez,M,Villarreal,villarreal,0,1,0,0,0,0,0,0,0,0,0,0,0,0
87,Alejandro Baena,alejandro-baena,M,Villarreal,villarreal,5,1,2,0,0,1,1,0,0,0,0,0,0,3
88,Étienne Capoue,etienne-capoue,M,Villarreal,villarreal,1,1,1,0,0,0,0,0,0,0,0,0,0,0
89,Francis Coquelin,francis-coquelin,M,Villarreal,villarreal,2,1,2,0,0,1,1,0,0,0,0,0,0,0
90,Manu Trigueros,manu-trigueros,M,Villarreal,villarreal,1,1,1,0,0,0,0,0,0,0,0,0,0,0
91,Santi Comesaña,santi-comesana,M,Villarreal,villarreal,2,1,2,0,0,1,1,0,0,0,0,0,0,0
92,Iván Martín,ivan-martin,M,Girona FC,girona-fc,3,1,2,0,0,1,0,0,0,0,0,0,0,0
93,Ramón Terrats,ramon-terrats,M,Villarreal,villarreal,0,1,0,0,0,0,0,0,0,0,0,0,0,0
94,Aïssa Mandi,aissa-mandi,D,Villarreal,villarreal,0,1,0,0,0,0,0,0,0,0,0,0,0,0
95,Juan Foyth,juan-foyth,D,Villarreal,villarreal,0,1,0,0,0,0,0,0,0,0,0,0,0,0
96,Johan Mojica,johan-mojica,D,Osasuna,osasuna,1,1,1,0,0,0,0,0,0,0,0,0,0,0
97,Raúl Albiol,raul-albiol,D,Villarreal,villarreal,6,1,2,0,0,1,0,0,0,0,0,0,0,0
98,Alberto Moreno,alberto-moreno,D,Villarreal,villarreal,8,1,2,0,0,1,0,0,0,0,0,0,0,2
99,Alfonso Pedraza,alfonso-pedraza,D,Villarreal,villarreal,0,1,0,0,0,0,0,0,0,0,0,0,0,0
100,Jorge Cuenca,jorge-cuenca,D,Villarreal,villarreal,6,1,2,0,0,1,0,0,0,0,0,0,0,0
101,Kiko Femenía,kiko-femenia,D,Villarreal,villarreal,6,1,2,0,0,1,0,0,0,0,0,0,0,0
102,Pepe Reina,pepe-reina,G,Villarreal,villarreal,0,1,0,0,0,0,0,0,0,0,0,0,0,0
103,Filip Jörgensen,filip-jorgensen,G,Villarreal,villarreal,6,1,2,0,0,1,0,0,0,0,0,0,0,0
104,Ante Budimir,ante-budimir,F,Osasuna,osasuna,2,1,2,0,0,0,0,0,0,1,0,0,0,0
105,Chimy Ávila,chimy-avila,F,Real Betis,real-betis,0,1,0,0,0,0,0,0,0,0,0,0,0,0
106,Kike García,kike-garcia,F,Deportivo Alavés,deportivo-alaves,0,1,0,0,0,0,0,0,0,0,0,0,0,0
107,Kike Barja,kike-barja,F,Osasuna,osasuna,0,1,1,0,0,0,1,0,0,0,0,0,0,0
108,Moi Gómez,moi-gomez,M,Osasuna,osasuna,3,1,2,0,0,0,0,0,0,1,0,0,0,1
109,Rubén García,ruben-garcia,M,Osasuna,osasuna,1,1,1,0,0,0,0,0,0,0,0,0,0,0
110,Aimar Oroz,aimar-oroz,M,Osasuna,osasuna,1,1,1,0,0,0,0,0,0,0,0,0,0,0
111,Lucas Torró,lucas-torro,M,Osasuna,osasuna,0,1,0,0,0,0,0,0,0,0,0,0,0,0
112,José Manuel Arnáiz,jose-manuel-arnaiz,F,Osasuna,osasuna,1,1,1,0,0,0,0,0,0,0,0,0,0,0
113,Jon Moncayola,jon-moncayola,M,Osasuna,osasuna,0,1,0,0,0,0,0,0,0,0,0,0,0,0
114,Darko Brašanac,darko-brasanac,M,Osasuna,osasuna,0,1,0,0,0,0,0,0,0,0,0,0,0,0
115,Javi Martínez,javi-martinez,M,Osasuna,osasuna,0,1,0,0,0,0,0,0,0,0,0,0,0,0
116,Pablo Ibáñez Lumbreras,pablo-ibanez-lumbreras,M,Osasuna,osasuna,2,1,2,0,0,0,0,0,0,1,0,0,0,0
117,David García,david-garcia,D,Osasuna,osasuna,0,1,2,0,0,0,1,0,0,1,0,0,0,0
118,Alejandro Catena,alejandro-catena,D,Osasuna,osasuna,1,1,2,0,0,0,0,0,0,1,0,0,0,0
119,Nacho Vidal,nacho-vidal,D,Mallorca,mallorca,0,1,1,0,0,0,0,0,0,1,0,0,0,0
120,Rubén Peña,ruben-pena,D,Osasuna,osasuna,1,1,2,0,0,0,0,0,0,1,0,0,0,0
121,Unai García,unai-garcia,D,Osasuna,osasuna,0,1,0,0,0,0,0,0,0,0,0,0,0,0
122,Juan Cruz,juan-cruz,D,Osasuna,osasuna,1,1,2,0,0,0,0,0,0,1,0,0,0,0
123,Jesús Areso,jesus-areso,D,Osasuna,osasuna,1,1,2,0,0,0,0,0,0,1,0,0,0,0
124,Aitor Fernández,aitor-fernandez,G,Osasuna,osasuna,0,1,0,0,0,0,0,0,0,0,0,0,0,0
125,Sergio Herrera,sergio-herrera,G,Osasuna,osasuna,1,1,2,0,0,0,0,0,0,1,0,0,0,0
126,Iago Aspas,iago-aspas,F,Celta Vigo,celta-vigo,0,1,0,0,0,0,0,0,0,0,0,0,0,0
127,Carles Pérez,carles-perez,M,Celta Vigo,celta-vigo,0,1,0,0,0,0,0,0,0,0,0,0,0,0
128,Jørgen Strand Larsen,jorgen-strand-larsen,F,Celta Vigo,celta-vigo,12,1,2,1,1,1,0,0,0,0,0,0,0,3
129,Gonçalo Paciência,goncalo-paciencia,F,Celta Vigo,celta-vigo,0,1,0,0,0,0,0,0,0,0,0,0,0,0
130,Santi Mina,santi-mina,F,Celta Vigo,celta-vigo,0,1,0,0,0,0,0,0,0,0,0,0,0,0
131,Williot Swedberg,williot-swedberg,M,Celta Vigo,celta-vigo,0,1,0,0,0,0,0,0,0,0,0,0,0,0
132,Miguel Rodríguez,miguel-rodriguez,F,Celta Vigo,celta-vigo,0,1,0,0,0,0,0,0,0,0,0,0,0,0
133,Gabri Veiga,gabri-veiga,M,Celta Vigo,celta-vigo,0,1,0,0,0,0,0,0,0,0,0,0,0,0
134,Renato Tapia,renato-tapia,M,Celta Vigo,celta-vigo,3,1,2,0,0,1,0,0,0,0,0,0,0,0
135,Jonathan Bamba,jonathan-bamba,M,Celta Vigo,celta-vigo,0,1,0,0,0,0,0,0,0,0,0,0,0,0
136,Franco Cervi,franco-cervi,M,Celta Vigo,celta-vigo,0,1,0,0,0,0,0,0,0,0,0,0,0,0
137,Fran Beltrán,fran-beltran,M,Celta Vigo,celta-vigo,3,1,2,0,0,1,0,0,0,0,0,0,0,0
138,Luca De La Torre,luca-de-la-torre,M,Celta Vigo,celta-vigo,13,1,2,1,1,1,0,0,0,0,0,0,0,2
139,Carlos Dotor,dotor-carlos,M,Celta Vigo,celta-vigo,0,1,0,0,0,0,0,0,0,0,0,0,0,0
140,Miguel Baeza,miguel-baeza,M,Celta Vigo,celta-vigo,0,1,0,0,0,0,0,0,0,0,0,0,0,0
141,Óscar Mingueza,oscar-mingueza,D,Celta Vigo,celta-vigo,6,1,2,0,0,1,0,0,0,0,0,0,0,0
142,Joseph Aidoo,joseph-aidoo,D,Celta Vigo,celta-vigo,0,1,0,0,0,0,0,0,0,0,0,0,0,0
143,Unai Núñez,unai-nunez,D,Celta Vigo,celta-vigo,6,1,2,0,0,1,0,0,0,0,0,0,0,0
144,Manuel Sánchez,manuel-sanchez,D,Celta Vigo,celta-vigo,1,1,1,0,0,0,0,0,0,0,0,0,0,0
145,Kevin Vázquez,kevin-vazquez,D,Celta Vigo,celta-vigo,0,1,0,0,0,0,0,0,0,0,0,0,0,0
146,Jose Fontán,jose-fontan,D,Celta Vigo,celta-vigo,0,1,0,0,0,0,0,0,0,0,0,0,0,0
147,Sergio Carreira,sergio-carreira,D,Celta Vigo,celta-vigo,0,1,0,0,0,0,0,0,0,0,0,0,0,0
148,Carlos Domínguez,carlos-dominguez,D,Celta Vigo,celta-vigo,6,1,2,0,0,1,0,0,0,0,0,0,0,0
149,Agustín Marchesín,agustin-marchesin,G,Celta Vigo,celta-vigo,0,1,0,0,0,0,0,0,0,0,0,0,0,0
150,Rubén Blanco,ruben-blanco,G,Celta Vigo,celta-vigo,0,1,0,0,0,0,0,0,0,0,0,0,0,0
151,Iván Villar,ivan-villar,G,Celta Vigo,celta-vigo,0,1,0,0,0,0,0,0,0,0,0,0,0,0
152,Mikel Oyarzabal,mikel-oyarzabal,F,Real Sociedad,real-sociedad,2,1,2,0,0,1,0,0,0,0,0,0,0,0
153,Umar Sadiq,umar-sadiq,F,Real Sociedad,real-sociedad,1,1,1,0,0,0,0,0,0,0,0,0,0,0
154,Mohamed-Ali Cho,mohamed-ali-cho,F,Real Sociedad,real-sociedad,0,1,0,0,0,0,0,0,0,0,0,0,0,0
155,Ander Barrenetxea,ander-barrenetxea,F,Real Sociedad,real-sociedad,3,1,1,0,0,0,0,0,0,0,0,0,0,2
156,Jon Karrikaburu,jon-karrikaburu,F,Deportivo Alavés,deportivo-alaves,0,1,0,0,0,0,0,0,0,0,0,0,0,0
157,Carlos Fernández,carlos-fernandez,F,Real Sociedad,real-sociedad,0,1,0,0,0,0,0,0,0,0,0,0,0,0
158,Martín Merquelanz,martin-merquelanz,F,Real Sociedad,real-sociedad,0,1,0,0,0,0,0,0,0,0,0,0,0,0
159,Takefusa Kubo,kubo-takefusa,M,Real Sociedad,real-sociedad,0,1,0,0,0,0,0,0,0,0,0,0,0,0
160,David Silva,david-silva,M,Real Sociedad,real-sociedad,0,1,0,0,0,0,0,0,0,0,0,0,0,0
161,Martín Zubimendi,martin-zubimendi,M,Real Sociedad,real-sociedad,3,1,2,0,0,1,0,0,0,0,0,0,0,0
162,Mikel Merino,mikel-merino,M,Real Sociedad,real-sociedad,1,1,1,0,0,0,0,0,0,0,0,0,0,0
163,Brais Méndez,brais-mendez,M,Real Sociedad,real-sociedad,2,1,2,0,0,1,1,0,0,0,0,0,0,0
164,Robert Navarro,robert-navarro,M,Cádiz,cadiz,3,1,2,0,0,1,0,0,0,0,0,0,0,0
165,Beñat Turrientes,benat-turrientes,M,Real Sociedad,real-sociedad,0,1,1,0,0,0,1,0,0,0,0,0,0,0
166,Peter Pokorný,peter-pokorny,M,Real Sociedad,real-sociedad,0,1,0,0,0,0,0,0,0,0,0,0,0,0
167,Hamari Traore,hamari-traore,D,Real Sociedad,real-sociedad,0,1,0,0,0,0,0,0,0,0,0,0,0,0
168,Robin Le Normand,robin-le-normand,D,Real Sociedad,real-sociedad,0,1,0,0,0,0,0,0,0,0,0,0,0,0
169,Igor Zubeldia,igor-zubeldia,D,Real Sociedad,real-sociedad,5,1,2,0,0,1,1,0,0,0,0,0,0,0
170,Diego Rico,diego-rico,D,Getafe,getafe,2,1,2,0,0,0,0,0,0,0,0,0,0,0
171,Aritz Elustondo,aritz-elustondo,D,Real Sociedad,real-sociedad,0,1,0,0,0,0,0,0,0,0,0,0,0,0
172,Andoni Gorosabel,andoni-gorosabel,D,Deportivo Alavés,deportivo-alaves,0,1,0,0,0,0,0,0,0,0,0,0,0,0
173,Aihen Muñoz,aihen-munoz,D,Real Sociedad,real-sociedad,0,1,0,0,0,0,0,0,0,0,0,0,0,0
174,Jon Pacheco,jon-pacheco,D,Real Sociedad,real-sociedad,6,1,2,0,0,1,0,0,0,0,0,0,0,0
175,Álex Sola,alex-sola,M,Deportivo Alavés,deportivo-alaves,6,1,2,0,1,0,1,0,0,1,0,0,0,2
176,Álex Remiro,alex-remiro,G,Real Sociedad,real-sociedad,7,1,2,0,0,1,0,0,0,0,0,1,0,0
177,Iñaki Williams,inaki-williams,M,Athletic Club,athletic-club,4,1,2,0,0,1,0,0,0,0,0,0,0,1
178,Gorka Guruzeta,gorka-guruzeta,F,Athletic Club,athletic-club,11,1,2,1,1,1,0,0,0,0,0,0,0,2
179,Asier Villalibre,asier-villalibre,F,Athletic Club,athletic-club,0,1,0,0,0,0,0,0,0,0,0,0,0,0
180,Malcom Ares,malcom-ares,F,Athletic Club,athletic-club,1,1,1,0,0,0,0,0,0,0,0,0,0,0
181,Juan Artola,juan-artola,F,Athletic Club,athletic-club,0,1,0,0,0,0,0,0,0,0,0,0,0,0
182,Javier Martón Ansó,javier-marton-anso,F,Athletic Club,athletic-club,0,1,0,0,0,0,0,0,0,0,0,0,0,0
183,Nico Williams,nico-williams,M,Athletic Club,athletic-club,6,1,2,0,1,1,0,0,0,0,0,0,0,0
184,Ander Herrera,ander-herrera,M,Athletic Club,athletic-club,1,1,1,0,0,0,0,0,0,0,0,0,0,0
185,Iker Muniain,iker-muniain,M,Athletic Club,athletic-club,7,1,1,1,0,0,0,0,0,0,0,0,0,1
186,Oihan Sancet,oihan-sancet,M,Athletic Club,athletic-club,6,1,2,0,1,1,0,0,0,0,0,0,0,0
187,Álex Berenguer,alex-berenguer,M,Athletic Club,athletic-club,0,1,0,0,0,0,0,0,0,0,0,0,0,0
188,Raúl García,raul-garcia,M,Athletic Club,athletic-club,3,1,3,0,0,0,0,0,0,1,0,0,0,0
189,Mikel Vesga,mikel-vesga,M,Athletic Club,athletic-club,0,1,0,0,0,0,0,0,0,0,0,0,0,0
190,Dani García,dani-garcia,M,Athletic Club,athletic-club,0,1,0,0,0,0,0,0,0,0,0,0,0,0
191,Iñigo Ruiz de Galarreta,inigo-ruiz-de-galarreta,M,Athletic Club,athletic-club,3,1,2,0,0,1,0,0,0,0,0,0,0,0
192,Unai Vencedor,unai-vencedor,M,Athletic Club,athletic-club,0,1,0,0,0,0,0,0,0,0,0,0,0,0
193,Nico Serrano,nico-serrano,M,Athletic Club,athletic-club,0,1,0,0,0,0,0,0,0,0,0,0,0,0
194,Peru Nolaskoain Esnal,peru-nolaskoain-esnal,M,Athletic Club,athletic-club,0,1,0,0,0,0,0,0,0,0,0,0,0,0
195,Jon Morcillo,jon-morcillo,M,Athletic Club,athletic-club,0,1,0,0,0,0,0,0,0,0,0,0,0,0
196,Beñat Prados,benat-prados,D,Athletic Club,athletic-club,7,1,2,0,0,1,0,0,0,0,0,0,0,1
197,Wibuala Junior Bita,wibuala-junior-bita,M,Athletic Club,athletic-club,0,1,0,0,0,0,0,0,0,0,0,0,0,0
198,Yeray Álvarez,yeray-alvarez,D,Athletic Club,athletic-club,6,1,2,0,0,1,0,0,0,0,0,0,0,0
199,Yuri Berchiche,yuri-berchiche,D,Athletic Club,athletic-club,21,1,2,2,0,1,0,0,0,0,0,0,0,3
200,Óscar de Marcos,oscar-de-marcos,D,Athletic Club,athletic-club,10,1,2,0,1,1,0,0,0,0,0,0,0,1
201,Daniel Vivian,daniel-vivian,D,Athletic Club,athletic-club,0,1,0,0,0,0,0,0,0,0,0,0,0,0
202,Íñigo Lekue,inigo-lekue,D,Athletic Club,athletic-club,0,1,0,0,0,0,0,0,0,0,0,0,0,0
203,Aitor Paredes,aitor-paredes,D,Athletic Club,athletic-club,7,1,2,0,0,1,0,0,0,0,0,0,0,1
204,Imanol García de Albéniz,imanol-garcia-de-albeniz,D,Athletic Club,athletic-club,0,1,0,0,0,0,0,0,0,0,0,0,0,0
205,Álex Petxa,alex-petxa,D,Athletic Club,athletic-club,0,1,0,0,0,0,0,0,0,0,0,0,0,0
206,Unai Simón,unai-simon,G,Athletic Club,athletic-club,6,1,2,0,0,1,0,0,0,0,0,0,0,0
207,Julen Agirrezabala,julen-agirrezabala,G,Athletic Club,athletic-club,0,1,0,0,0,0,0,0,0,0,0,0,0,0
208,Vedat Muriqi,vedat-muriqi,F,Mallorca,mallorca,1,1,1,0,0,0,0,0,0,1,0,0,0,0
209,Amath Ndiaye,amath-ndiaye,F,Mallorca,mallorca,0,1,0,0,0,0,0,0,0,0,0,0,0,0
210,Abdón Prats,abdon-prats,F,Mallorca,mallorca,1,1,1,0,0,0,0,0,0,0,0,0,0,0
211,Javi Llabrés,javi-llabres,F,Mallorca,mallorca,1,1,1,0,0,0,0,0,0,0,0,0,0,0
212,Iddrisu Baba,iddrisu-baba,M,Mallorca,almeria,1,1,1,0,0,0,0,0,0,0,0,0,0,0
213,Omar Mascarell,omar-mascarell,M,Mallorca,mallorca,2,1,2,0,0,0,0,0,0,2,0,0,0,0
214,Dani Rodríguez,dani-rodriguez,M,Mallorca,mallorca,2,1,2,0,0,0,0,0,0,1,0,0,0,0
215,Manu Morlanes,manu-morlanes,M,Mallorca,mallorca,2,1,2,0,0,0,0,0,0,2,0,0,0,0
216,Clément Grenier,clement-grenier,M,Mallorca,mallorca,0,1,0,0,0,0,0,0,0,0,0,0,0,0
217,Antonio Sánchez,antonio-sanchez,M,Mallorca,mallorca,1,1,1,0,0,0,0,0,0,1,0,0,0,0
218,Pablo Maffeo,pablo-maffeo,D,Mallorca,mallorca,0,1,0,0,0,0,0,0,0,0,0,0,0,0
219,Martin Valjent,martin-valjent,D,Mallorca,mallorca,0,1,2,0,0,0,0,0,0,2,0,0,0,0
220,Giovanni González,giovanni-gonzalez,D,Mallorca,mallorca,0,1,1,0,0,0,0,0,0,1,0,0,0,0
221,Toni Lato,toni-lato,D,Mallorca,mallorca,0,1,0,0,0,0,0,0,0,0,0,0,0,0
222,Antonio Raíllo,antonio-raillo,D,Mallorca,mallorca,0,1,2,0,0,0,0,0,0,2,0,0,0,0
223,José Copete,jose-copete,D,Mallorca,mallorca,0,1,1,0,0,0,0,0,0,1,0,0,0,0
224,Jaume Costa,jaume-costa,D,Mallorca,mallorca,0,1,2,0,0,0,0,0,0,2,0,0,0,0
225,Siebe Van Der Heyden,siebe-van-der-heyden,D,Mallorca,mallorca,0,1,0,0,0,0,0,0,0,0,0,0,0,0
226,Josep Gayá,josep-gaya,D,Mallorca,mallorca,0,1,0,0,0,0,0,0,0,0,0,0,0,0
227,Predrag Rajković,predrag-rajkovic,G,Mallorca,mallorca,0,1,2,0,0,0,0,0,0,2,0,0,0,0
228,Dominik Greif,dominik-greif,G,Mallorca,mallorca,0,1,0,0,0,0,0,0,0,0,0,0,0,0
229,Edinson Cavani,edinson-cavani,F,Valencia,valencia,0,1,0,0,0,0,0,0,0,0,0,0,0,0
230,Samu Castillejo,samu-castillejo,F,Valencia,valencia,0,1,0,0,0,0,0,0,0,0,0,0,0,0
231,Hugo Duro,hugo-duro,F,Valencia,valencia,7,1,2,1,0,0,0,0,0,0,0,0,0,1
232,Marcos André,marcos-andre,F,Valencia,valencia,0,1,0,0,0,0,0,0,0,0,0,0,0,0
233,Diego Lopez Noguerol,diego-lopez-noguerol,M,Valencia,valencia,0,1,0,0,0,0,0,0,0,0,0,0,0,0
234,Fran Pérez,fran-perez,M,Valencia,valencia,1,1,1,0,0,0,0,0,0,0,0,0,0,0
235,Yunus Musah,yunus-musah,M,Valencia,valencia,0,1,0,0,0,0,0,0,0,0,0,0,0,0
236,André Almeida,andre-almeida,M,Valencia,valencia,0,1,0,0,0,0,0,0,0,0,0,0,0,0
237,Hugo Guillamón,hugo-guillamon,M,Valencia,valencia,1,1,2,0,0,0,1,0,0,0,0,0,0,0
238,Uroš Račić,uros-racic,M,Valencia,valencia,0,1,0,0,0,0,0,0,0,0,0,0,0,0
239,Pepelu,pepelu,M,Valencia,valencia,6,1,2,0,1,0,0,0,0,0,1,0,0,3
240,Koba Koindredi,koba-koindredi,M,Valencia,valencia,0,1,0,0,0,0,0,0,0,0,0,0,0,0
241,Javier Guerra,javier-guerra,M,Valencia,valencia,1,1,2,0,0,0,1,0,0,0,0,0,0,0
242,Javi Navarro,javi-navarro,M,Valencia,valencia,0,1,0,0,0,0,0,0,0,0,0,0,0,0
243,José Luis Gayà,jose-luis-gaya,D,Valencia,valencia,2,1,2,0,0,0,0,0,0,0,0,0,0,0
244,José Luis Gayà,jose-luis-gaya,D,Valencia,valencia,2,1,2,0,0,0,0,0,0,0,0,0,0,0
245,Mouctar Diakhaby,mouctar-diakhaby,D,Valencia,valencia,0,1,0,0,0,0,0,0,0,0,0,0,0,0
246,Gabriel Paulista,gabriel-paulista,D,Atlético Madrid,atletico-madrid,0,1,0,0,0,0,0,0,0,0,0,0,0,0
247,Cenk Özkaçar,cenk-ozkacar,D,Valencia,valencia,2,1,2,0,0,0,0,0,0,0,0,0,0,0
248,Thierry Correia,correia-thierry,D,Valencia,valencia,0,1,0,0,0,0,0,0,0,0,0,0,0,0
249,Eray Cömert,eray-comert,D,Valencia,valencia,0,1,0,0,0,0,0,0,0,0,0,0,0,0
250,Jesús Vázquez,jesus-vazquez,D,Valencia,valencia,1,1,1,0,0,0,0,0,0,0,0,0,0,0
251,Dimitri Foulquier,dimitri-foulquier,D,Valencia,valencia,2,1,2,0,0,0,0,0,0,0,0,0,0,0
252,Cristhian Mosquera,cristhian-mosquera,D,Valencia,valencia,2,1,2,0,0,0,1,0,0,0,0,0,0,1
253,Giorgi Mamardashvili,giorgi-mamardashvili,G,Valencia,valencia,3,1,2,0,0,0,0,0,0,0,0,1,0,0
254,Jaume Doménech,jaume-domenech,G,Valencia,valencia,0,1,0,0,0,0,0,0,0,0,0,0,0,0
255,Cristian Rivero,cristian-rivero,G,Valencia,valencia,0,1,0,0,0,0,0,0,0,0,0,0,0,0
256,Vinícius Júnior,vinicius-junior,F,Real Madrid,real-madrid,0,1,0,0,0,0,0,0,0,0,0,0,0,0
257,Rodrygo,rodrygo,F,Real Madrid,real-madrid,2,1,2,0,0,1,0,0,0,0,0,0,0,0
258,Joselu,joselu,F,Real Madrid,real-madrid,1,1,1,0,0,0,0,0,0,0,0,0,0,0
259,Luka Modrić,luka-modric,M,Real Madrid,real-madrid,1,1,1,0,0,0,0,0,0,0,0,0,0,0
260,Toni Kroos,toni-kroos,M,Real Madrid,real-madrid,5,1,2,0,0,0,0,0,0,0,0,0,0,3
261,Jude Bellingham,jude-bellingham,M,Real Madrid,real-madrid,4,1,2,0,0,1,0,0,0,0,0,0,0,1
262,Federico Valverde,federico-valverde,M,Real Madrid,real-madrid,2,1,2,0,0,0,0,0,0,0,0,0,0,0
263,Eduardo Camavinga,camavinga-eduardo,M,Real Madrid,real-madrid,2,1,2,0,0,0,0,0,0,0,0,0,0,0
264,Aurélien Tchouaméni,aurelien-tchouameni,M,Real Madrid,real-madrid,0,1,0,0,0,0,0,0,0,0,0,0,0,0
265,Arda Güler,arda-guler,M,Real Madrid,real-madrid,0,1,0,0,0,0,0,0,0,0,0,0,0,0
266,Brahim Díaz,brahim-diaz,M,Real Madrid,real-madrid,10,1,2,1,0,1,0,0,0,0,0,0,0,2
267,Dani Ceballos,dani-ceballos,M,Real Madrid,real-madrid,1,1,1,0,0,0,0,0,0,0,0,0,0,0
268,Reinier,reinier,M,Real Madrid,real-madrid,0,1,0,0,0,0,0,0,0,0,0,0,0,0
269,Antonio Blanco,antonio-blanco,M,Deportivo Alavés,deportivo-alaves,2,1,2,0,0,0,0,0,0,1,0,0,0,0
270,Éder Militão,eder-militao,D,Real Madrid,real-madrid,0,1,0,0,0,0,0,0,0,0,0,0,0,0
271,David Alaba,david-alaba,D,Real Madrid,real-madrid,0,1,0,0,0,0,0,0,0,0,0,0,0,0
272,Antonio Rüdiger,antonio-rudiger,D,Real Madrid,real-madrid,0,1,0,0,0,0,0,0,0,0,0,0,0,0
273,Daniel Carvajal,daniel-carvajal,D,Real Madrid,real-madrid,2,1,2,0,0,0,0,0,0,0,0,0,0,0
274,Ferland Mendy,ferland-mendy,D,Real Madrid,real-madrid,2,1,2,0,0,0,0,0,0,0,0,0,0,0
275,Lucas Vázquez,lucas-vazquez,D,Real Madrid,real-madrid,2,1,2,0,0,0,0,0,0,0,0,0,0,0
276,Nacho Fernández,nacho-fernandez,D,Real Madrid,real-madrid,2,1,2,0,0,0,0,0,0,0,0,0,0,0
277,Álvaro Odriozola,alvaro-odriozola,D,Real Sociedad,real-sociedad,1,1,1,0,0,0,0,0,0,0,0,0,0,0
278,Fran García,fran-garcia,D,Real Madrid,real-madrid,0,1,0,0,0,0,0,0,0,0,0,0,0,0
279,Thibaut Courtois,thibaut-courtois,G,Real Madrid,real-madrid,0,1,0,0,0,0,0,0,0,0,0,0,0,0
280,Andriy Lunin,andriy-lunin,G,Real Madrid,real-madrid,3,1,2,0,0,0,0,0,0,0,0,1,0,0
281,Youssef En-Nesyri,youssef-en-nesyri,F,Sevilla,sevilla,12,1,2,2,0,0,0,0,0,0,0,0,0,2
282,Rafa Mir,rafa-mir,F,Sevilla,sevilla,0,1,0,0,0,0,0,0,0,0,0,0,0,0
283,Rony Lopes,rony-lopes,F,Sevilla,sevilla,0,1,0,0,0,0,0,0,0,0,0,0,0,0
284,Luismi Cruz,luismi-cruz,F,Sevilla,sevilla,0,1,0,0,0,0,0,0,0,0,0,0,0,0
285,Iván Romero,ivan-romero,F,Sevilla,sevilla,0,1,0,0,0,0,0,0,0,0,0,0,0,0
286,Isaac Romero,romero-isaac,F,Sevilla,sevilla,4,1,2,0,1,0,1,0,0,0,0,0,0,0
287,Ivan Rakitić,ivan-rakitic,M,Sevilla,sevilla,0,1,0,0,0,0,0,0,0,0,0,0,0,0
288,Papu Gómez,papu-gomez,M,Sevilla,sevilla,0,1,0,0,0,0,0,0,0,0,0,0,0,0
289,Lucas Ocampos,lucas-ocampos,M,Sevilla,sevilla,2,1,2,0,0,0,0,0,0,0,0,0,0,0
290,Erik Lamela,erik-lamela,M,Sevilla,sevilla,0,1,0,0,0,0,0,0,0,0,0,0,0,0
291,Jesús Corona,jesus-corona,M,Sevilla,sevilla,0,1,0,0,0,0,0,0,0,0,0,0,0,0
292,Oussama Idrissi,oussama-idrissi,M,Sevilla,sevilla,0,1,0,0,0,0,0,0,0,0,0,0,0,0
293,Adnan Januzaj,adnan-januzaj,M,Sevilla,sevilla,0,1,0,0,0,0,0,0,0,0,0,0,0,0
294,Suso,suso,M,Sevilla,sevilla,0,1,0,0,0,0,0,0,0,0,0,0,0,0
295,Thomas Delaney,thomas-delaney,M,Sevilla,sevilla,0,1,0,0,0,0,0,0,0,0,0,0,0,0
296,Fernando,fernando,M,Sevilla,sevilla,0,1,0,0,0,0,0,0,0,0,0,0,0,0
297,Óscar Rodríguez,oscar-rodriguez,M,Getafe,getafe,0,1,0,0,0,0,0,0,0,0,0,0,0,0
298,Óliver Torres,oliver-torres,M,Sevilla,sevilla,1,1,1,0,0,0,0,0,0,0,0,0,0,0
299,Joan Jordán,joan-jordan,M,Sevilla,sevilla,0,1,0,0,0,0,0,0,0,0,0,0,0,0
300,Juanlu Sánchez,juanlu-sanchez,D,Sevilla,sevilla,1,1,1,0,0,0,0,0,0,0,0,0,0,0
301,Marcos Acuña,marcos-acuna,D,Sevilla,sevilla,0,1,1,0,0,0,1,0,0,0,0,0,0,0
302,Gonzalo Montiel,gonzalo-montiel,D,Sevilla,sevilla,0,1,0,0,0,0,0,0,0,0,0,0,0,0
303,Tanguy Nianzou,tanguy-nianzou,D,Sevilla,sevilla,0,1,0,0,0,0,0,0,0,0,0,0,0,0
304,Jesús Navas,jesus-navas,D,Sevilla,sevilla,2,1,2,0,0,0,0,0,0,0,0,0,0,0
305,Nemanja Gudelj,nemanja-gudelj,D,Sevilla,sevilla,0,1,0,0,0,0,0,0,0,0,0,0,0,0
306,Marcão,marcao,D,Sevilla,sevilla,2,1,2,0,0,0,0,0,0,0,0,0,0,0
307,Loïc Badé,loic-bade,D,Sevilla,sevilla,2,1,2,0,0,0,0,0,0,0,0,0,0,0
308,Karim Rekik,karim-rekik,D,Sevilla,sevilla,0,1,0,0,0,0,0,0,0,0,0,0,0,0
309,Ludwig Augustinsson,ludwig-augustinsson,D,Sevilla,sevilla,0,1,0,0,0,0,0,0,0,0,0,0,0,0
310,Federico Gattoni,federico-gattoni,D,Sevilla,sevilla,0,1,0,0,0,0,0,0,0,0,0,0,0,0
311,Adrià Pedrosa,adria-pedrosa,D,Sevilla,sevilla,1,1,1,0,0,0,0,0,0,0,0,0,0,0
312,Kike Salas,kike-salas,D,Sevilla,sevilla,0,1,0,0,0,0,0,0,0,0,0,0,0,0
313,Bono,bono,G,Sevilla,sevilla,0,1,0,0,0,0,0,0,0,0,0,0,0,0
314,Marko Dmitrović,marko-dmitrovic,G,Sevilla,sevilla,0,1,0,0,0,0,0,0,0,0,0,0,0,0
315,Alfonso Pastor,alfonso-pastor,G,Sevilla,sevilla,0,1,0,0,0,0,0,0,0,0,0,0,0,0
316,Matías Árbol,matias-arbol,G,Sevilla Atlético,sevilla-atletico,0,1,0,0,0,0,0,0,0,0,0,0,0,0
317,Antoine Griezmann,antoine-griezmann,F,Atlético Madrid,atletico-madrid,2,1,2,0,0,0,0,0,0,0,0,0,0,0
318,Memphis Depay,memphis-depay,F,Atlético Madrid,atletico-madrid,3,1,1,0,1,0,1,0,0,0,0,0,0,0
319,João Félix,joao-felix,F,Barcelona,barcelona,0,1,0,0,0,0,0,0,0,0,0,0,0,0
320,Álvaro Morata,alvaro-morata,F,Atlético Madrid,atletico-madrid,2,1,2,0,0,0,0,0,0,0,0,0,0,0
321,Ángel Correa,angel-correa,F,Atlético Madrid,atletico-madrid,1,1,1,0,0,0,0,0,0,0,0,0,0,0
322,Samuel Lino,samuel-lino,F,Atlético Madrid,atletico-madrid,1,1,1,0,0,0,0,0,0,0,0,0,0,0
323,Sergio Camello,sergio-camello,F,Rayo Vallecano,rayo-vallecano,2,1,2,0,0,0,0,0,0,1,0,0,0,0
324,Giuliano Simeone,giuliano-simeone,F,Deportivo Alavés,deportivo-alaves,1,1,1,0,0,0,0,0,0,0,0,0,0,0
325,Víctor Mollejo,victor-mollejo,F,Atlético Madrid,atletico-madrid,0,1,0,0,0,0,0,0,0,0,0,0,0,0
326,Borja Garcés,borja-garces,F,Atlético Madrid,atletico-madrid,0,1,0,0,0,0,0,0,0,0,0,0,0,0
327,Rodrigo de Paul,rodrigo-de-paul,M,Atlético Madrid,atletico-madrid,2,1,2,0,0,0,0,0,0,0,0,0,0,0
328,Yannick Carrasco,yannick-carrasco,M,Atlético Madrid,atletico-madrid,0,1,0,0,0,0,0,0,0,0,0,0,0,0
329,Marcos Llorente,marcos-llorente,M,Atlético Madrid,atletico-madrid,7,1,2,1,0,0,0,0,0,0,0,0,0,0
330,Axel Witsel,axel-witsel,D,Atlético Madrid,atletico-madrid,2,1,2,0,0,0,0,0,0,0,0,0,0,0
331,Saúl Ñíguez,saul-niguez,M,Atlético Madrid,atletico-madrid,1,1,2,0,0,0,1,0,0,0,0,0,0,0
332,Koke,koke,M,Atlético Madrid,atletico-madrid,2,1,2,0,0,0,0,0,0,0,0,0,0,0
333,Thomas Lemar,thomas-lemar,M,Atlético Madrid,atletico-madrid,0,1,0,0,0,0,0,0,0,0,0,0,0,0
334,Rodrigo Riquelme,rodrigo-riquelme,M,Atlético Madrid,atletico-madrid,1,1,1,0,0,0,0,0,0,0,0,0,0,0
335,Pablo Barrios,pablo-barrios,M,Atlético Madrid,atletico-madrid,0,1,1,0,0,0,1,0,0,0,0,0,0,0
336,Vitolo,vitolo,M,Atlético Madrid,atletico-madrid,0,1,0,0,0,0,0,0,0,0,0,0,0,0
337,Nahuel Molina,nahuel-molina,D,Atlético Madrid,atletico-madrid,1,1,1,0,0,0,0,0,0,0,0,0,0,0
338,César Azpilicueta,cesar-azpilicueta,D,Atlético Madrid,atletico-madrid,0,1,0,0,0,0,0,0,0,0,0,0,0,0
339,Çağlar Söyüncü,caglar-soyuncu,D,Atlético Madrid,atletico-madrid,0,1,0,0,0,0,0,0,0,0,0,0,0,0
340,José María Giménez,jose-maria-gimenez,D,Atlético Madrid,atletico-madrid,0,1,0,0,0,0,0,0,0,0,0,0,0,0
341,Reinildo Isnard Mandava,mandava-reinildo-isnard,D,Atlético Madrid,atletico-madrid,0,1,0,0,0,0,0,0,0,0,0,0,0,0
342,Stefan Savić,stefan-savic,D,Atlético Madrid,atletico-madrid,2,1,2,0,0,0,0,0,0,0,0,0,0,0
343,Mario Hermoso,mario-hermoso,D,Atlético Madrid,atletico-madrid,1,1,2,0,0,0,1,0,0,0,0,0,0,0
344,Javi Galán,javi-galan,D,Real Sociedad,real-sociedad,6,1,2,0,0,1,0,0,0,0,0,0,0,0
345,Santiago Mouriño,santiago-mourino,D,Atlético Madrid,real-zaragoza,0,1,0,0,0,0,0,0,0,0,0,0,0,0
346,Jan Oblak,jan-oblak,G,Atlético Madrid,atletico-madrid,3,1,2,0,0,0,0,0,0,0,0,1,0,0
347,Ivo Grbić,ivo-grbic,G,Atlético Madrid,atletico-madrid,0,1,0,0,0,0,0,0,0,0,0,0,0,0
348,Lázaro,lazaro,F,Almería,almeria,0,1,0,0,0,0,0,0,0,0,0,0,0,0
349,Luis Javier Suárez,luis-javier-suarez,F,Almería,almeria,0,1,0,0,0,0,0,0,0,0,0,0,0,0
350,El Bilal Touré,el-bilal-toure,F,Almería,almeria,0,1,0,0,0,0,0,0,0,0,0,0,0,0
351,Largie Ramazani,largie-ramazani,F,Almería,almeria,1,1,2,0,0,0,1,0,0,1,0,0,0,0
352,Léo Baptistão,leo-baptistao,F,Almería,almeria,-1,1,2,0,0,0,0,1,0,1,0,0,0,0
353,Adrián Embarba,adrian-embarba,F,Almería,almeria,0,1,0,0,0,0,0,0,0,0,0,0,0,0
354,Marko Milovanović,marko-milovanovic,F,Almería,almeria,1,1,1,0,0,0,0,0,0,0,0,0,0,0
355,Dyego Sousa,dyego-sousa,F,Almería,almeria,0,1,0,0,0,0,0,0,0,0,0,0,0,0
356,Arvin Appiah,arvin-appiah,F,Almería,almeria,0,1,0,0,0,0,0,0,0,0,0,0,0,0
357,Lucas Robertone,lucas-robertone,M,Almería,almeria,0,1,1,0,0,0,1,0,0,0,0,0,0,0
358,Gonzalo Melero,gonzalo-melero,M,Almería,almeria,2,1,2,0,0,0,0,0,0,1,0,0,0,0
359,Samuel Costa,samuel-costa,M,Almería,mallorca,0,1,0,0,0,0,0,0,0,0,0,0,0,0
360,Arnau Puigmal,arnau-puigmal,M,Almería,almeria,0,1,0,0,0,0,0,0,0,0,0,0,0,0
361,Gui,gui,M,Almería,almeria,0,1,0,0,0,0,0,0,0,0,0,0,0,0
362,Íñigo Eguaras,inigo-eguaras,M,Almería,almeria,0,1,0,0,0,0,0,0,0,0,0,0,0,0
363,Kaiky,kaiky,D,Almería,almeria,0,1,0,0,0,0,0,0,0,0,0,0,0,0
364,Srđan Babić,srdan-babic,D,Almería,almeria,0,1,0,0,0,0,0,0,0,0,0,0,0,0
365,Rodrigo Ely,rodrigo-ely,D,Almería,almeria,0,1,0,0,0,0,0,0,0,0,0,0,0,0
366,Sergio Akieme,sergio-akieme,D,Almería,almeria,0,1,0,0,0,0,0,0,0,0,0,0,0,0
367,Chumi,chumi,D,Almería,almeria,1,1,2,0,0,0,0,0,0,1,0,0,0,0
368,Edgar González,edgar-gonzalez,D,Almería,almeria,0,1,2,0,0,0,1,0,0,1,0,0,0,0
369,Alejandro Pozo,alejandro-pozo,D,Almería,almeria,0,1,0,0,0,0,0,0,0,0,0,0,0,0
370,Houboulang Mendes,houboulang-mendes,D,Almería,almeria,0,1,0,0,0,0,0,0,0,0,0,0,0,0
371,Álex Centelles,centelles-alex,D,Almería,almeria,3,1,2,0,1,0,1,0,0,1,0,0,0,0
372,Iván Martos,ivan-martos,D,Almería,almeria,0,1,0,0,0,0,0,0,0,0,0,0,0,0
373,Fernando Martínez,fernando-martinez,G,Almería,almeria,0,1,0,0,0,0,0,0,0,0,0,0,0,0
374,Diego Mariño,diego-marino,G,Almería,almeria,0,1,0,0,0,0,0,0,0,0,0,0,0,0
375,Enes Ünal,enes-unal,F,Getafe,getafe,0,1,0,0,0,0,0,0,0,0,0,0,0,0
376,Borja Mayoral,borja-mayoral,F,Getafe,getafe,1,1,1,0,0,0,0,0,0,0,0,0,0,0
377,Anthony Lozano,anthony-lozano,F,Almería,almeria,0,1,1,0,0,0,1,0,0,0,0,0,0,0
378,Juanmi Latasa,juanmi-latasa,F,Getafe,getafe,1,1,1,0,0,0,0,0,0,0,0,0,0,0
379,Jaime Mata,jaime-mata,M,Getafe,getafe,2,1,2,0,0,0,0,0,0,0,0,0,0,0
380,Jack Harper,jack-harper,F,Getafe,getafe,0,1,0,0,0,0,0,0,0,0,0,0,0,0
381,Carles Aleñá,carles-alena,M,Getafe,getafe,1,1,1,0,0,0,0,0,0,0,0,0,0,0
382,Nemanja Maksimović,nemanja-maksimovic,M,Getafe,getafe,0,1,0,0,0,0,0,0,0,0,0,0,0,0
383,Mauro Arambarri,mauro-arambarri,M,Getafe,getafe,0,1,0,0,0,0,0,0,0,0,0,0,0,0
384,Luis Milla,luis-milla,M,Getafe,getafe,2,1,2,0,0,0,0,0,0,0,0,0,0,0
385,Portu,portu,M,Girona FC,girona-fc,3,1,2,0,0,1,0,0,0,0,0,0,0,0
386,Jaime Seoane,jaime-seoane,M,Getafe,getafe,0,1,0,0,0,0,0,0,0,0,0,0,0,0
387,Ángel Algobia,angel-algobia,M,Getafe,getafe,0,1,0,0,0,0,0,0,0,0,0,0,0,0
388,Sergi Altimira,sergi-altimira,M,Getafe,real-betis,1,1,2,0,0,0,1,0,0,0,0,0,0,0
389,Djené,djene,D,Getafe,getafe,1,1,2,0,0,0,1,0,0,0,0,0,0,0
390,Omar Alderete,omar-alderete,D,Getafe,getafe,4,1,2,0,0,0,0,0,0,0,0,0,0,2
391,Domingos Duarte,domingos-duarte,D,Getafe,getafe,1,1,1,0,0,0,0,0,0,0,0,0,0,0
392,Stefan Mitrović,stefan-mitrovic,D,Getafe,getafe,0,1,0,0,0,0,0,0,0,0,0,0,0,0
393,Damián Suárez,damian-suarez,D,Getafe,getafe,0,1,0,0,0,0,0,0,0,0,0,0,0,0
394,José Ángel Carmona,jose-angel-carmona,M,Getafe,getafe,1,1,1,0,0,0,0,0,0,0,0,0,0,0
395,Fabrizio Angileri,fabrizio-angileri,D,Getafe,getafe,1,1,1,0,0,0,0,0,0,0,0,0,0,0
396,Juan Iglesias,juan-iglesias,D,Getafe,getafe,0,1,0,0,0,0,0,0,0,0,0,0,0,0
397,Jonathan Silva,jonathan-silva,D,Getafe,getafe,0,1,0,0,0,0,0,0,0,0,0,0,0,0
398,Erick Cabaco,erick-cabaco,D,Getafe,getafe,0,1,0,0,0,0,0,0,0,0,0,0,0,0
399,David Soria,david-soria,G,Getafe,getafe,1,1,2,0,0,0,1,0,0,0,0,0,0,0
400,Daniel Fuzato,daniel-fuzato,G,Getafe,getafe,0,1,0,0,0,0,0,0,0,0,0,0,0,0
401,Mamadou Sylla,mamadou-sylla,F,Deportivo Alavés,deportivo-alaves,0,1,0,0,0,0,0,0,0,0,0,0,0,0
402,Miguel de la Fuente,miguel-de-la-fuente,F,Deportivo Alavés,deportivo-alaves,0,1,0,0,0,0,0,0,0,0,0,0,0,0
403,Abderrahman Rebbach,abderrahman-rebbach,M,Deportivo Alavés,deportivo-alaves,1,1,1,0,0,0,0,0,0,0,0,0,0,0
404,Luis Rioja,luis-rioja,M,Deportivo Alavés,deportivo-alaves,2,1,2,0,0,0,0,0,0,1,0,0,0,0
405,Salva Sevilla,salva-sevilla,M,Deportivo Alavés,deportivo-alaves,0,1,0,0,0,0,0,0,0,0,0,0,0,0
406,Ander Guevara,ander-guevara,M,Deportivo Alavés,deportivo-alaves,2,1,2,0,0,0,0,0,0,1,0,0,0,0
407,Carlos Benavídez,carlos-benavidez,M,Deportivo Alavés,deportivo-alaves,1,1,1,0,0,0,0,0,0,0,0,0,0,0
408,Abdallahi Mahmoud,abdallahi-mahmoud,M,Deportivo Alavés,deportivo-alaves,0,1,0,0,0,0,0,0,0,0,0,0,0,0
409,Jon Guridi,jon-guridi,M,Deportivo Alavés,deportivo-alaves,2,1,2,0,0,0,0,0,0,1,0,0,0,0
410,Xeber Alkain,xeber-alkain,M,Deportivo Alavés,deportivo-alaves,0,1,0,0,0,0,0,0,0,0,0,0,0,0
411,Alex Balboa,alex-balboa,M,Deportivo Alavés,deportivo-alaves,0,1,0,0,0,0,0,0,0,0,0,0,0,0
412,Abdelkabir Abqar,abqar-abdelkabir,D,Deportivo Alavés,deportivo-alaves,0,1,0,0,0,0,0,0,0,0,0,0,0,0
413,Florian Lejeune,florian-lejeune,D,Rayo Vallecano,rayo-vallecano,1,1,2,0,0,0,0,0,0,1,0,0,0,0
414,Rubén Duarte,ruben-duarte,D,Deportivo Alavés,deportivo-alaves,1,1,2,0,0,0,0,0,0,1,0,0,0,0
415,Víctor Laguardia,victor-laguardia,D,Deportivo Alavés,deportivo-alaves,0,1,0,0,0,0,0,0,0,0,0,0,0,0
416,Nikola Maraš,nikola-maras,D,Deportivo Alavés,deportivo-alaves,0,1,0,0,0,0,0,0,0,0,0,0,0,0
417,Aleksandar Sedlar,aleksandar-sedlar,D,Deportivo Alavés,deportivo-alaves,0,1,0,0,0,0,0,0,0,0,0,0,0,0
418,Javi López,lopez-javi,D,Deportivo Alavés,deportivo-alaves,1,1,2,0,0,0,0,0,0,1,0,0,0,0
419,Jesús Owono,jesus-owono,G,Deportivo Alavés,deportivo-alaves,0,1,0,0,0,0,0,0,0,0,0,0,0,0
420,Antonio Sivera,antonio-sivera,G,Deportivo Alavés,deportivo-alaves,1,1,2,0,0,0,0,0,0,1,0,0,0,0
421,Darwin Machís,darwin-machis,F,Cádiz,cadiz,0,1,0,0,0,0,0,0,0,0,0,0,0,0
422,Álvaro Negredo,alvaro-negredo,F,Cádiz,cadiz,0,1,0,0,0,0,0,0,0,0,0,0,0,0
423,Roger Martí,roger-marti,F,Cádiz,cadiz,0,1,0,0,0,0,0,0,0,0,0,0,0,0
424,Sergi Guardiola,sergi-guardiola,F,Cádiz,cadiz,0,1,0,0,0,0,0,0,0,0,0,0,0,0
425,Francisco Mwepu,francisco-mwepu,F,Cádiz,cadiz,0,1,0,0,0,0,0,0,0,0,0,0,0,0
426,Milutin Osmajić,milutin-osmajic,F,Cádiz,cadiz,0,1,0,0,0,0,0,0,0,0,0,0,0,0
427,Chris Ramos,chris-ramos,F,Cádiz,cadiz,2,1,2,0,0,1,0,0,0,0,0,0,0,0
428,Tomás Alarcón,tomas-alarcon,M,Cádiz,cadiz,0,1,0,0,0,0,0,0,0,0,0,0,0,0
429,Brian Ocampo,brian-ocampo,M,Cádiz,cadiz,1,1,1,0,0,0,0,0,0,0,0,0,0,0
430,Gonzalo Escalante,gonzalo-escalante,M,Cádiz,cadiz,3,1,2,0,0,1,0,0,0,0,0,0,0,0
431,Awer Mabil,awer-mabil,M,Cádiz,cadiz,0,1,0,0,0,0,0,0,0,0,0,0,0,0
432,Youba Diarra,youba-diarra,M,Cádiz,cadiz,0,1,0,0,0,0,0,0,0,0,0,0,0,0
433,Rubén Alcaraz,ruben-alcaraz,M,Cádiz,cadiz,0,1,0,0,0,0,0,0,0,0,0,0,0,0
434,Rubén Sobrino,ruben-sobrino,M,Cádiz,cadiz,3,1,2,0,0,1,0,0,0,0,0,0,0,0
435,Álex Fernández,alex-fernandez,M,Cádiz,cadiz,3,1,2,0,0,1,0,0,0,0,0,0,0,0
436,Fede San Emeterio,fede-san-emeterio,M,Cádiz,cadiz,0,1,0,0,0,0,0,0,0,0,0,0,0,0
437,Iván Alejo,ivan-alejo,M,Cádiz,cadiz,3,1,2,0,0,1,0,0,0,0,0,0,0,0
438,José Mari,jose-mari,M,Cádiz,cadiz,0,1,0,0,0,0,0,0,0,0,0,0,0,0
439,Martín Calderón,martin-calderon,M,Cádiz,cadiz,0,1,0,0,0,0,0,0,0,0,0,0,0,0
440,Víctor Chust,victor-chust,D,Cádiz,cadiz,6,1,2,0,0,1,0,0,0,0,0,0,0,0
441,Javier Hernández,javier-hernandez,D,Cádiz,cadiz,0,1,0,0,0,0,0,0,0,0,0,0,0,0
442,Luis Hernández,luis-hernandez,D,Cádiz,cadiz,0,1,0,0,0,0,0,0,0,0,0,0,0,0
443,Fali,fali,D,Cádiz,cadiz,0,1,0,0,0,0,0,0,0,0,0,0,0,0
444,Mamadou Mbaye,mamadou-mbaye,D,Cádiz,cadiz,0,1,0,0,0,0,0,0,0,0,0,0,0,0
445,Joseba Zaldúa,joseba-zaldua,D,Cádiz,cadiz,1,1,1,0,0,0,0,0,0,0,0,0,0,0
446,Juan Cala,juan-cala,D,Cádiz,cadiz,0,1,0,0,0,0,0,0,0,0,0,0,0,0
447,Raúl Parra,raul-parra,D,Cádiz,cadiz,0,1,0,0,0,0,0,0,0,0,0,0,0,0
448,Jeremías Ledesma,jeremias-ledesma,G,Cádiz,cadiz,8,1,2,0,0,1,0,0,0,0,0,1,0,1
449,David Gil,david-gil,G,Cádiz,cadiz,0,1,0,0,0,0,0,0,0,0,0,0,0,0
450,Juan Flere,flere-juan,G,Cádiz,cadiz,0,1,0,0,0,0,0,0,0,0,0,0,0,0
451,Sandro Ramírez,sandro-ramirez,F,Las Palmas,las-palmas,3,1,2,0,0,0,1,0,0,0,0,0,0,2
452,Marc Cardona,marc-cardona,F,Las Palmas,las-palmas,0,1,0,0,0,0,0,0,0,0,0,0,0,0
453,Óscar Pinchi,oscar-pinchi,F,Las Palmas,las-palmas,0,1,0,0,0,0,0,0,0,0,0,0,0,0
454,Alberto Moleiro,alberto-moleiro,M,Las Palmas,las-palmas,2,1,2,0,0,0,0,0,0,0,0,0,0,0
455,Jonathan Viera,jonathan-viera,M,Las Palmas,las-palmas,0,1,0,0,0,0,0,0,0,0,0,0,0,0
456,Enzo Loiodice,loiodice-enzo,M,Las Palmas,las-palmas,1,1,2,0,0,0,1,0,0,0,0,0,0,0
457,Omenuke Mfulu,omenuke-mfulu,M,Las Palmas,las-palmas,0,1,0,0,0,0,0,0,0,0,0,0,0,0
458,Kirian Rodríguez,kirian-rodriguez,M,Las Palmas,las-palmas,2,1,2,0,0,0,0,0,0,0,0,0,0,0
459,Pejiño,pejino,M,Las Palmas,las-palmas,6,1,1,1,0,0,0,0,0,0,0,0,0,0
460,Javier Muñoz,javier-munoz,M,Las Palmas,las-palmas,0,1,0,0,0,0,0,0,0,0,0,0,0,0
461,Cristian Herrera,cristian-herrera,M,Las Palmas,las-palmas,1,1,1,0,0,0,0,0,0,0,0,0,0,0
462,Benito Ramírez,benito-ramirez,M,Las Palmas,las-palmas,0,1,0,0,0,0,0,0,0,0,0,0,0,0
463,Fabio González,fabio-gonzalez,M,Las Palmas,las-palmas,1,1,1,0,0,0,0,0,0,0,0,0,0,0
464,Daley Sinkgraven,daley-sinkgraven,D,Las Palmas,las-palmas,0,1,0,0,0,0,0,0,0,0,0,0,0,0
465,Saúl Coco,saul-coco,D,Las Palmas,las-palmas,1,1,1,0,0,0,0,0,0,0,0,0,0,0
466,Eric Curbelo,eric-curbelo,D,Las Palmas,las-palmas,0,1,0,0,0,0,0,0,0,0,0,0,0,0
467,Sergi Cardona,sergi-cardona,D,Las Palmas,las-palmas,5,1,2,0,1,0,0,0,0,0,0,0,0,0
468,Enrique Clemente,enrique-clemente,D,Las Palmas,las-palmas,0,1,0,0,0,0,0,0,0,0,0,0,0,0
469,Álvaro Lemos,alvaro-lemos,D,Las Palmas,las-palmas,0,1,0,0,0,0,0,0,0,0,0,0,0,0
470,Alex Suárez,alex-suarez,D,Las Palmas,las-palmas,2,1,2,0,0,0,0,0,0,0,0,0,0,0
471,Alejandro Palanca,alejandro-palanca,D,Las Palmas,las-palmas,0,1,0,0,0,0,0,0,0,0,0,0,0,0
472,Álvaro Valles,alvaro-valles,G,Las Palmas,las-palmas,2,1,2,0,0,0,0,0,0,0,0,0,0,0
473,Alex Domínguez,alex-dominguez,G,Las Palmas,las-palmas,0,1,0,0,0,0,0,0,0,0,0,0,0,0
474,Sávio,savio,M,Girona FC,girona-fc,3,1,2,0,0,1,0,0,0,0,0,0,0,0
475,Cristhian Stuani,cristhian-stuani,F,Girona FC,girona-fc,1,1,1,0,0,0,0,0,0,0,0,0,0,0
476,Manu Vallejo,manu-vallejo,F,Girona,girona,0,1,0,0,0,0,0,0,0,0,0,0,0,0
477,Pau Víctor,pau-victor,F,Barcelona,barcelona,0,1,0,0,0,0,0,0,0,0,0,0,0,0
478,Pablo Torre,pablo-torre,M,Girona FC,girona-fc,1,1,1,0,0,0,0,0,0,0,0,0,0,0
479,Viktor Tsygankov,viktor-tsygankov,M,Girona FC,girona-fc,3,1,2,0,0,1,0,0,0,0,0,0,0,0
480,Aleix García,aleix-garcia,M,Girona FC,girona-fc,3,1,2,0,0,1,0,0,0,0,0,0,0,0
481,Yangel Herrera,yangel-herrera,M,Girona FC,girona-fc,4,1,2,0,0,1,1,0,0,0,0,0,0,2
482,Yan Couto,couto-yan,M,Girona FC,girona-fc,3,1,2,0,0,1,0,0,0,0,0,0,0,0
483,Toni Villa,toni-villa,M,Girona FC,girona-fc,0,1,0,0,0,0,0,0,0,0,0,0,0,0
484,Borja García,borja-garcia,M,Girona FC,girona-fc,0,1,0,0,0,0,0,0,0,0,0,0,0,0
485,Ibrahima Kébé,ibrahima-kebe,M,Girona FC,girona-fc,0,1,0,0,0,0,0,0,0,0,0,0,0,0
486,Oscar Ureña,oscar-urena,M,Girona,girona,0,1,0,0,0,0,0,0,0,0,0,0,0,0
487,Silvi Clúa,silvi-clua,M,Girona FC,girona-fc,0,1,0,0,0,0,0,0,0,0,0,0,0,0
488,Daley Blind,daley-blind,D,Girona FC,girona-fc,5,1,2,0,0,1,1,0,0,0,0,0,0,0
489,Miguel Gutiérrez,miguel-gutierrez,D,Girona FC,girona-fc,6,1,2,0,0,1,0,0,0,0,0,0,0,0
490,Arnau Martínez,arnau-martinez,D,Girona FC,girona-fc,0,1,0,0,0,0,0,0,0,0,0,0,0,0
491,Alexander Callens,alexander-callens,D,Girona,girona,0,1,0,0,0,0,0,0,0,0,0,0,0,0
492,Santiago Bueno,santiago-bueno,D,Girona,girona,0,1,0,0,0,0,0,0,0,0,0,0,0,0
493,Bernardo Espinosa,bernardo-espinosa,D,Girona FC,girona-fc,0,1,0,0,0,0,0,0,0,0,0,0,0,0
494,David López,david-lopez,D,Girona FC,girona-fc,0,1,0,0,0,0,0,0,0,0,0,0,0,0
495,Valery Fernández,valery-fernandez,D,Girona FC,girona-fc,1,1,1,0,0,0,0,0,0,0,0,0,0,0
496,Juanpe,juanpe,D,Girona FC,girona-fc,0,1,0,0,0,0,0,0,0,0,0,0,0,0
497,Eric Monjonell,eric-monjonell,D,Girona FC,girona-fc,0,1,0,0,0,0,0,0,0,0,0,0,0,0
498,Marc Aznar,marc-aznar,D,Girona FC,girona-fc,0,1,0,0,0,0,0,0,0,0,0,0,0,0
499,Paulo Gazzaniga,paulo-gazzaniga,G,Girona FC,girona-fc,6,1,2,0,0,1,0,0,0,0,0,0,0,0
500,Toni Fuidias,toni-fuidias,G,Girona FC,girona-fc,0,1,0,0,0,0,0,0,0,0,0,0,0,0
501,Juan Carlos,juan-carlos,G,Girona FC,girona-fc,0,1,0,0,0,0,0,0,0,0,0,0,0,0
502,Famara Diédhiou,famara-diedhiou,F,Granada,granada,0,1,0,0,0,0,0,0,0,0,0,0,0,0
503,Myrto Uzuni,myrto-uzuni,F,Granada,granada,1,1,1,0,0,0,0,0,0,0,0,0,0,0
504,José Callejón,jose-callejon,F,Granada,granada,0,1,0,0,0,0,0,0,0,0,0,0,0,0
505,Shon Weissman,shon-weissman,F,Granada,granada,0,1,0,0,0,0,0,0,0,0,0,0,0,0
506,Alberto Perea,alberto-perea,F,Granada,granada,0,1,0,0,0,0,0,0,0,0,0,0,0,0
507,Antoñín,antonin,F,Granada,granada,0,1,0,0,0,0,0,0,0,0,0,0,0,0
508,Njegoš Petrović,njegos-petrovic,M,Granada,granada,0,1,0,0,0,0,0,0,0,0,0,0,0,0
509,Antonio Puertas,antonio-puertas,M,Granada,granada,0,1,0,0,0,0,0,0,0,0,0,0,0,0
510,Alberto Soro,soro-alberto,M,Granada,granada,0,1,0,0,0,0,0,0,0,0,0,0,0,0
511,Óscar Melendo,oscar-melendo,M,Granada,granada,1,1,1,0,0,0,0,0,0,0,0,0,0,0
512,Yann Bodiger,yann-bodiger,M,Granada,granada,0,1,0,0,0,0,0,0,0,0,0,0,0,0
513,Sergio Ruiz Alonso,sergio-ruiz-alonso,M,Granada,granada,8,1,2,0,1,0,0,0,0,0,0,0,0,3
514,Víctor Meseguer,victor-meseguer,M,Granada,granada,0,1,0,0,0,0,0,0,0,0,0,0,0,0
515,Bryan Zaragoza,bryan-zaragoza,M,Granada,granada,0,1,0,0,0,0,0,0,0,0,0,0,0,0
516,Isma Ruiz,isma-ruiz,M,Granada,granada,0,1,0,0,0,0,0,0,0,0,0,0,0,0
517,Jesús Vallejo,jesus-vallejo,D,Granada,granada,0,1,0,0,0,0,0,0,0,0,0,0,0,0
518,Alpha Dionkou,alpha-dionkou,D,Granada,granada,0,1,0,0,0,0,0,0,0,0,0,0,0,0
519,Ricard Sánchez,ricard-sanchez,D,Granada,granada,2,1,2,0,0,0,0,0,0,0,0,0,0,0
520,Carlos Neva,neva-carlos,D,Granada,granada,1,1,2,0,0,0,1,0,0,0,0,0,0,0
521,Víctor Díaz,victor-diaz,D,Granada,granada,0,1,0,0,0,0,0,0,0,0,0,0,0,0
522,Miguel Rubio,miguel-rubio,D,Granada,granada,0,1,0,0,0,0,0,0,0,0,0,0,0,0
523,Ignasi Miquel,ignasi-miquel,D,Granada,granada,2,1,2,0,0,0,0,0,0,0,0,0,0,0
524,Raúl Torrente,raul-torrente,D,Granada,granada,0,1,0,0,0,0,0,0,0,0,0,0,0,0
525,Pepe Sánchez,pepe-sanchez,D,Granada,granada,0,1,0,0,0,0,0,0,0,0,0,0,0,0
526,André Ferreira,andre-ferreira,G,Granada,granada,0,1,0,0,0,0,0,0,0,0,0,0,0,0
527,Isco,isco,M,Real Betis,real-betis,9,1,2,1,0,0,1,0,0,0,0,0,0,3
528,Joaquín,joaquin,M,Real Betis,real-betis,0,1,0,0,0,0,0,0,0,0,0,0,0,0
529,Chadi Riad,chadi-riad,D,Real Betis,real-betis,1,1,1,0,0,0,0,0,0,0,0,0,0,0
530,Marc Bartra,marc-bartra,D,Real Betis,real-betis,0,1,0,0,0,0,0,0,0,0,0,0,0,0
531,Lamine Yamal,lamine-yamal,F,Barcelona,barcelona,2,1,2,0,0,0,0,0,0,0,0,0,0,0
532,Jorge de Frutos,jorge-de-frutos,M,Rayo Vallecano,rayo-vallecano,1,1,1,0,0,0,0,0,0,0,0,0,0,0
533,Kike Pérez,kike-perez,M,Rayo Vallecano,rayo-vallecano,0,1,0,0,0,0,0,0,0,0,0,0,0,0
534,Diego Mendez,mendez-diego,M,Rayo Vallecano B,rayo-vallecano-b,0,1,0,0,0,0,0,0,0,0,0,0,0,0
535,Dani Cárdenas,dani-cardenas,G,Rayo Vallecano,rayo-vallecano,0,1,0,0,0,0,0,0,0,0,0,0,0,0
536,Alexander Sørloth,alexander-sorloth,F,Villarreal,villarreal,1,1,1,0,0,0,0,0,0,0,0,0,0,0
537,Andrés Ferrari,andres-ferrari,F,Villarreal B,villarreal-b,0,1,0,0,0,0,0,0,0,0,0,0,0,0
538,Dani Requena,dani-requena,M,Villarreal,villarreal,0,1,0,0,0,0,0,0,0,0,0,0,0,0
539,Rodri Alonso,rodri-alonso,M,Villarreal,villarreal,0,1,0,0,0,0,0,0,0,0,0,0,0,0
540,Matteo Gabbia,matteo-gabbia,D,Villarreal,villarreal,0,1,0,0,0,0,0,0,0,0,0,0,0,0
541,Lanchi,lanchi,D,Villarreal,villarreal,0,1,0,0,0,0,0,0,0,0,0,0,0,0
542,Dani Sancho,dani-sancho,F,Osasuna B,osasuna-b,0,1,0,0,0,0,0,0,0,0,0,0,0,0
543,Jorge Herrando,herrando-jorge,D,Osasuna,osasuna,0,1,0,0,0,0,0,0,0,0,0,0,0,0
544,Carl Starfelt,carl-starfelt,D,Celta Vigo,celta-vigo,0,1,0,0,0,0,0,0,0,0,0,0,0,0
545,André Silva,andre-silva,F,Real Sociedad,real-sociedad,2,1,2,0,0,1,0,0,0,0,0,0,0,0
546,Alex Lebarbier,alex-lebarbier,M,Real Sociedad,real-sociedad,0,1,0,0,0,0,0,0,0,0,0,0,0,0
547,Ekain Azkune,ekain-azkune,F,Real Sociedad B,real-sociedad-b,0,1,0,0,0,0,0,0,0,0,0,0,0,0
548,Arsen Zakharyan,arsen-zakharyan,M,Real Sociedad,real-sociedad,0,1,0,0,0,0,0,0,0,0,0,0,0,0
549,Jon Ander Olasagasti,jon-ander-olasagasti,M,Real Sociedad,real-sociedad,1,1,1,0,0,0,0,0,0,0,0,0,0,0
550,Eneko Astigarraga,eneko-astigarraga,M,Real Sociedad B,real-sociedad-b,0,1,0,0,0,0,0,0,0,0,0,0,0,0
551,Unai Marrero,unai-marrero,G,Real Sociedad,real-sociedad,0,1,0,0,0,0,0,0,0,0,0,0,0,0
552,Unai Eguíluz,unai-eguiluz,D,Athletic Bilbao B,athletic-bilbao-b,0,1,0,0,0,0,0,0,0,0,0,0,0,0
553,Cyle Larin,cyle-larin,F,Mallorca,mallorca,1,1,2,0,0,0,1,0,0,1,0,0,0,0
554,Sergi Darder,sergi-darder,M,Mallorca,mallorca,1,1,1,0,0,0,0,0,0,1,0,0,0,0
555,Ruben Quintanilla,quintanilla-ruben,M,Mallorca,mallorca,0,1,0,0,0,0,0,0,0,0,0,0,0,0
556,Marcos Fernández,marcos-fernandez,D,Mallorca,mallorca,0,1,0,0,0,0,0,0,0,0,0,0,0,0
557,Alberto Mari,alberto-mari,F,Valencia,valencia,1,1,1,0,0,0,0,0,0,0,0,0,0,0
558,Sergi Canós,sergi-canos,M,Valencia,valencia,0,1,0,0,0,0,0,0,0,0,0,0,0,0
559,Kepa Arrizabalaga,kepa-arrizabalaga,G,Real Madrid,real-madrid,0,1,0,0,0,0,0,0,0,0,0,0,0,0
560,Djibril Sow,djibril-sow,M,Sevilla,sevilla,1,1,1,0,0,0,0,0,0,0,0,0,0,0
561,Manu Bueno,bueno-manu,M,Sevilla,sevilla,0,1,0,0,0,0,0,0,0,0,0,0,0,0
562,Ørjan Nyland,orjan-nyland,G,Sevilla,sevilla,3,1,2,0,0,0,0,0,0,0,0,1,0,0
563,Samuel Omorodion,omorodion-samuel,F,Deportivo Alavés,deportivo-alaves,5,1,2,1,0,0,1,0,0,1,0,0,0,0
564,Alvaro Mouriño,alvaro-mourino,D,Atlético Madrid,atletico-madrid,0,1,0,0,0,0,0,0,0,0,0,0,0,0
565,Antonio Gomis Aleman,aleman-antonio-gomis,G,Atlético Madrid,atletico-madrid,0,1,0,0,0,0,0,0,0,0,0,0,0,0
566,Ibrahima Kone,ibrahima-kone,F,Almería,almeria,0,1,0,0,0,0,0,0,0,0,0,0,0,0
567,Marciano Sanca Tchami,sanca-tchami-marciano,F,Almería,almeria,0,1,0,0,0,0,0,0,0,0,0,0,0,0
568,Dion Lopy,dion-lopy,M,Almería,almeria,2,1,2,0,0,0,0,0,0,1,0,0,0,0
569,Marcos Pena,pena-marcos,M,Almería,almeria,0,1,0,0,0,0,0,0,0,0,0,0,0,0
570,Marc Pubill,marc-pubill,D,Almería,almeria,1,1,2,0,0,0,0,0,0,1,0,0,0,0
571,Luís Maximiano,luis-maximiano,G,Almería,almeria,1,1,2,0,0,0,0,0,0,1,0,0,0,0
572,Manuel Obón Salido,manuel-obon-salido,G,Almería,almeria,0,1,0,0,0,0,0,0,0,0,0,0,0,0
573,Santi García,santi-garcia,M,Getafe B,getafe-b,0,1,0,0,0,0,0,0,0,0,0,0,0,0
574,Santiago Garcia Gonzalez,garcia-gonzalez-santiago,M,Getafe,getafe,0,1,0,0,0,0,0,0,0,0,0,0,0,0
575,Gastón Álvarez,gaston-alvarez,D,Getafe,getafe,1,1,2,0,0,0,1,0,0,0,0,0,0,0
576,Jorge Benito,jorge-benito,G,Getafe,getafe,0,1,0,0,0,0,0,0,0,0,0,0,0,0
577,Mamadou Diallo,mamadou-diallo,M,Deportivo Alavés,deportivo-alaves,0,1,0,0,0,0,0,0,0,0,0,0,0,0
578,Ander Sánchez,ander-sanchez,M,Deportivo Alavés,deportivo-alaves,0,1,0,0,0,0,0,0,0,0,0,0,0,0
579,Rafa Marín,rafa-marin,D,Deportivo Alavés,deportivo-alaves,1,1,2,0,0,0,0,0,0,1,0,0,0,0
580,Nahuel Tenaglia,nahuel-tenaglia,D,Deportivo Alavés,deportivo-alaves,1,1,2,0,0,0,0,0,0,1,0,0,0,0
581,Joseda Álvarez,joseda-alvarez,D,Deportivo Alavés,deportivo-alaves,0,1,0,0,0,0,0,0,0,0,0,0,0,0
582,Álvaro Bastida,alvaro-bastida,M,Cádiz,cadiz,0,1,0,0,0,0,0,0,0,0,0,0,0,0
583,Lucas Pires,lucas-pires,D,Cádiz,cadiz,6,1,2,0,0,1,0,0,0,0,0,0,0,0
584,Iza Carcelén,iza-carcelen,D,Cádiz,cadiz,5,1,2,0,0,1,1,0,0,0,0,0,0,0
585,Jorge Meré,jorge-mere,D,Cádiz,cadiz,6,1,2,0,0,1,0,0,0,0,0,0,0,0
586,Julio,julio,D,Cádiz,cadiz,0,1,0,0,0,0,0,0,0,0,0,0,0,0
587,Munir El Haddadi,munir-el-haddadi,F,Las Palmas,las-palmas,2,1,2,0,0,0,0,0,0,0,0,0,0,0
588,Sory Kaba,sory-kaba,F,Las Palmas,las-palmas,1,1,1,0,0,0,0,0,0,0,0,0,0,0
589,Marvin Park,park-marvin,F,Las Palmas,las-palmas,1,1,2,0,0,0,1,0,0,0,0,0,0,0
590,Julian Araujo,julian-araujo,D,Las Palmas,las-palmas,0,1,0,0,0,0,0,0,0,0,0,0,0,0
591,Mika Mármol,mika-marmol,D,Las Palmas,las-palmas,2,1,2,0,0,0,0,0,0,0,0,0,0,0
592,Aarón Escandell,aaron-escandell,G,Las Palmas,las-palmas,0,1,0,0,0,0,0,1,0,0,0,0,0,0
593,Artem Dovbyk,artem-dovbyk,F,Girona FC,girona-fc,0,1,0,0,0,0,0,0,0,0,0,0,0,0
594,Iker Almena,iker-almena,F,Girona FC,girona-fc,0,1,0,0,0,0,0,0,0,0,0,0,0,0
595,Gonzalo Villar,gonzalo-villar,M,Granada,granada,2,1,2,0,0,1,1,0,0,0,0,0,0,0
596,Gerard Gumbau,gerard-gumbau,M,Granada,granada,1,1,1,0,0,0,0,0,0,0,0,0,0,0
597,Wilson Manafá,wilson-manafa,D,Granada,granada,0,1,0,0,0,0,0,0,0,0,0,0,0,0
598,Miki Bosch,miki-bosch,D,Granada,granada,0,1,0,0,0,0,0,0,0,0,0,0,0,0
599,Fermín López,fermin-lopez,M,Barcelona,barcelona,1,1,1,0,0,0,0,0,0,0,0,0,0,0
600,Pau Cubarsí,pau-cubarsi,D,Barcelona,barcelona,2,1,2,0,0,0,0,0,0,0,0,0,0,0
601,Andrei Rațiu,andrei-ratiu,D,Rayo Vallecano,rayo-vallecano,0,1,0,0,0,0,0,0,0,0,0,0,0,0
602,Anastasios Douvikas,douvikas-anastasios,F,Celta Vigo,celta-vigo,5,1,1,1,0,0,0,0,0,0,0,0,0,0
603,Hugo Sotelo,hugo-sotelo,M,Celta Vigo,celta-vigo,0,1,0,0,0,0,0,0,0,0,0,0,0,0
604,Kieran Tierney,kieran-tierney,D,Real Sociedad,real-sociedad,0,1,0,0,0,0,0,0,0,0,0,0,0,0
605,Iván Cuéllar,ivan-cuellar,G,Mallorca,mallorca,0,1,0,0,0,0,0,0,0,0,0,0,0,0
606,Dodi Lukebakio,dodi-lukebakio,F,Sevilla,sevilla,0,1,0,0,0,0,0,0,0,0,0,0,0,0
607,Álex Calatrava,alex-calatrava,F,Atlético Madrid,atletico-madrid,0,1,0,0,0,0,0,0,0,0,0,0,0,0
608,Ivan Vasiljevic,ivan-vasiljevic,D,Atlético Madrid,atletico-madrid,0,1,0,0,0,0,0,0,0,0,0,0,0,0
609,Ianis Hagi,ianis-hagi,M,Deportivo Alavés,deportivo-alaves,1,1,1,0,0,0,0,0,0,0,0,0,0,0
610,Maximiliano Gómez,maximiliano-gomez,F,Cádiz,cadiz,1,1,1,0,0,0,0,0,0,0,0,0,0,0
611,Máximo Perrone,maximo-perrone,M,Las Palmas,las-palmas,2,1,2,0,0,0,0,0,0,0,0,0,0,0
612,Juanma Herzog,juanma-herzog,D,Las Palmas,las-palmas,0,1,0,0,0,0,0,0,0,0,0,0,0,0
613,Alex Gonzalez,gonzalez-alex,G,Las Palmas,las-palmas,0,1,0,0,0,0,0,0,0,0,0,0,0,0
614,Mario González,mario-gonzalez,M,Granada,granada,0,1,0,0,0,0,0,0,0,0,0,0,0,0
615,Dani Pérez,dani-perez,M,Real Betis,real-betis,0,1,0,0,0,0,0,0,0,0,0,0,0,0
616,João Cancelo,joao-cancelo,D,Barcelona,barcelona,1,1,1,0,0,0,0,0,0,0,0,0,0,0
617,Iker Munoz,munoz-iker,M,Osasuna,osasuna,0,1,0,0,0,0,0,0,0,0,0,0,0,0
618,Mihailo Ristić,mihailo-ristic,D,Celta Vigo,celta-vigo,6,1,2,0,0,1,0,0,0,0,0,0,0,0
619,Vicente Guaita,vicente-guaita,G,Celta Vigo,celta-vigo,6,1,2,0,0,1,0,0,0,0,0,0,0,0
620,Pablo Marín,pablo-marin,M,Real Sociedad B,real-sociedad-b,0,1,0,0,0,0,0,0,0,0,0,0,0,0
621,Urko González,urko-gonzalez,D,Real Sociedad,real-sociedad,0,1,0,0,0,0,0,0,0,0,0,0,0,0
622,Unai Gómez,unai-gomez,M,Athletic Club,athletic-club,0,1,0,0,0,0,0,0,0,0,0,0,0,0
623,Matija Nastasić,matija-nastasic,D,Mallorca,mallorca,0,1,0,0,0,0,0,0,0,0,0,0,0,0
624,Roman Yaremchuk,roman-yaremchuk,F,Valencia,valencia,5,1,2,1,0,0,1,0,0,0,0,0,0,0
625,Selim Amallah,amallah-selim,M,Valencia,valencia,1,1,1,0,0,0,0,0,0,0,0,0,0,0
626,Mariano Díaz,mariano-diaz,F,Sevilla,sevilla,0,1,0,0,0,0,0,0,0,0,0,0,0,0
627,Boubakary Soumaré,boubakary-soumare,M,Sevilla,sevilla,2,1,2,0,0,0,0,0,0,0,0,0,0,0
628,César Montes,cesar-montes,D,Almería,almeria,0,1,1,0,0,0,0,0,0,1,0,0,0,0
629,Mason Greenwood,mason-greenwood,M,Getafe,getafe,9,1,2,1,0,0,0,0,0,0,0,0,0,2
630,Rominigue Kouamé,rominigue-kouame,M,Cádiz,cadiz,1,1,1,0,0,0,0,0,0,0,0,0,0,0
631,Jhon Solís,jhon-solis,M,Girona FC,girona-fc,1,1,1,0,0,0,0,0,0,0,0,0,0,0
632,Lucas Boyé,lucas-boye,F,Granada,granada,0,1,0,0,0,0,0,0,0,0,0,0,0,0
633,Álvaro Fernández,alvaro-fernandez,M,Granada,granada,0,1,0,0,0,0,0,0,0,0,0,0,0,0
634,Mario Ramos,mario-ramos,G,Extremadura UD,extremadura-ud,0,1,0,0,0,0,0,0,0,0,0,0,0,0
635,Carlos Romero,carlos-romero,D,Villarreal B,villarreal-b,0,1,0,0,0,0,0,0,0,0,0,0,0,0
636,Sergio Ramos,sergio-ramos,D,Sevilla,sevilla,0,1,0,0,0,0,0,0,0,0,0,0,0,0
637,Mini,mini,M,Atlético Madrid,atletico-madrid,0,1,0,0,0,0,0,0,0,0,0,0,0,0
638,Jastin García,jastin-garcia,F,Girona FC,girona-fc,0,1,0,0,0,0,0,0,0,0,0,0,0,0
639,Assane Diao,assane-diao,M,Real Betis,real-betis,1,1,2,0,0,0,1,0,0,0,0,0,0,0
640,Germán García,german-garcia,G,Real Betis,real-betis,0,1,0,0,0,0,0,0,0,0,0,0,0,0
641,Iker Álvarez,iker-alvarez,G,Villarreal,villarreal,0,1,0,0,0,0,0,0,0,0,0,0,0,0
642,Diego Lopez,diego-lopez,M,Valencia,valencia,5,1,2,0,1,0,0,0,0,0,0,0,0,0
643,Marciano Sanca,marciano-sanca,F,Almería,almeria,0,1,0,0,0,0,0,0,0,0,0,0,0,0
644,Gorka Rivera,gorka-rivera,D,Getafe,getafe,0,1,0,0,0,0,0,0,0,0,0,0,0,0
645,Tomás Mendes,tomas-mendes,M,Deportivo Alavés,deportivo-alaves,0,1,0,0,0,0,0,0,0,0,0,0,0,0
646,Unai Ropero,unai-ropero,F,Deportivo Alavés,deportivo-alaves,0,1,0,0,0,0,0,0,0,0,0,0,0,0
647,Ricardo Visus,ricardo-visus,D,Real Betis,real-betis,0,1,0,0,0,0,0,0,0,0,0,0,0,0
648,Marco Moreno,marco-moreno,D,Atlético Madrid,atletico-madrid,0,1,0,0,0,0,0,0,0,0,0,0,0,0
649,Selvi Clua Oya,selvi-clua-oya,M,Girona,girona,0,1,0,0,0,0,0,0,0,0,0,0,0,0
650,Paco Sanz,sanz-paco,D,Almería,almeria,0,1,0,0,0,0,0,0,0,0,0,0,0,0
651,Rúben Montero,ruben-montero,G,Deportivo Alavés,deportivo-alaves,0,1,0,0,0,0,0,0,0,0,0,0,0,0
652,Ale Gorrin,gorrin-ale,G,Las Palmas,las-palmas,0,1,0,0,0,0,0,0,0,0,0,0,0,0
653,Gines Sorroche,gines-sorroche,F,Real Betis,real-betis,0,1,0,0,0,0,0,0,0,0,0,0,0,0
654,Marc Guiu,marc-guiu,F,Barcelona,barcelona,0,1,0,0,0,0,0,0,0,0,0,0,0,0
655,Adrià Altimira,altimira-adria,D,Villarreal B,villarreal-b,0,1,0,0,0,0,0,0,0,0,0,0,0,0
656,Aitor Fraga,fraga-aitor,G,Real Sociedad,real-sociedad,0,1,0,0,0,0,0,0,0,0,0,0,0,0
657,Yarek Gasiorowski,gasiorowski-yarek,D,Valencia,valencia,0,1,0,0,0,0,0,0,0,0,0,0,0,0
658,Adrián Niño,adrian-nino,F,Atlético Madrid,atletico-madrid,0,1,0,0,0,0,0,0,0,0,0,0,0,0
659,Marc Guiu,guiu-marc,F,Barcelona U19,barcelona-u19,0,1,0,0,0,0,0,0,0,0,0,0,0,0
660,Aleix Garrido,aleix-garrido,M,Barcelona,barcelona,0,1,0,0,0,0,0,0,0,0,0,0,0,0
661,Unai Hernández,unai-hernandez,M,Barcelona,barcelona,0,1,0,0,0,0,0,0,0,0,0,0,0,0
662,Ander Ibañez,ander-ibanez,G,Osasuna,osasuna,0,1,0,0,0,0,0,0,0,0,0,0,0,0
663,Gaizka Ayesa,gaizka-ayesa,G,Real Sociedad,real-sociedad,0,1,0,0,0,0,0,0,0,0,0,0,0,0
664,Adu Ares,adu-ares,F,Athletic Club,athletic-club,0,1,0,0,0,0,0,0,0,0,0,0,0,0
665,Daniel Luna,daniel-luna,M,Mallorca,mallorca,0,1,0,0,0,0,0,0,0,0,0,0,0,0
666,Yuzún Ley,yuzun-ley,D,Mallorca,mallorca,0,1,0,0,0,0,0,0,0,0,0,0,0,0
667,Diego Piñeiro,diego-pineiro,G,Real Madrid,real-madrid,0,1,0,0,0,0,0,0,0,0,0,0,0,0
668,Facundo Esnaider,facundo-esnaider,F,Getafe,getafe,0,1,0,0,0,0,0,0,0,0,0,0,0,0
669,Nabil Aberdin,nabil-aberdin,D,Getafe,getafe,0,1,0,0,0,0,0,0,0,0,0,0,0,0
670,Alejandro Morata,morata-alejandro,D,Cádiz,cadiz,0,1,0,0,0,0,0,0,0,0,0,0,0,0
671,Gines Sorroche Pinero,sorroche-pinero-gines,M,Real Betis,real-betis,0,1,0,0,0,0,0,0,0,0,0,0,0,0
672,Sokratis,sokratis,D,Real Betis,real-betis,1,1,2,0,0,0,1,0,0,0,0,0,0,0
673,Aristide Njalla,aristide-njalla,M,Cádiz,cadiz,0,1,0,0,0,0,0,0,0,0,0,0,0,0
674,Julio Cabrera,julio-cabrera,D,Cádiz,cadiz,0,1,0,0,0,0,0,0,0,0,0,0,0,0
675,Adri Miranda,adri-miranda,D,Cádiz,cadiz,0,1,0,0,0,0,0,0,0,0,0,0,0,0
676,Marc Casadó,marc-casado,M,Barcelona,barcelona,0,1,0,0,0,0,0,0,0,0,0,0,0,0
677,Diego Collado,diego-collado,F,Villarreal,villarreal,0,1,0,0,0,0,0,0,0,0,0,0,0,0
678,Javier Rodríguez,javier-rodriguez,D,Celta Vigo,celta-vigo,0,1,0,0,0,0,0,0,0,0,0,0,0,0
679,Pau Mascaró,pau-mascaro,F,Mallorca,mallorca,0,1,0,0,0,0,0,0,0,0,0,0,0,0
680,Pablo Gozálbez,pablo-gozalbez,F,Valencia B,valencia-b,0,1,0,0,0,0,0,0,0,0,0,0,0,0
681,Nico Paz,nico-paz,M,Real Madrid Castilla,real-madrid-castilla,0,1,0,0,0,0,0,0,0,0,0,0,0,0
682,Antonio Gomis,antonio-gomis,G,Atlético Madrid,atletico-madrid,0,1,0,0,0,0,0,0,0,0,0,0,0,0
683,Miguel Peñalver,miguel-penalver,D,Almería,almeria,0,1,0,0,0,0,0,0,0,0,0,0,0,0
684,Pau,pau,F,Las Palmas,las-palmas,0,1,0,0,0,0,0,0,0,0,0,0,0,0
685,Yadam,yadam,M,Las Palmas,las-palmas,0,1,0,0,0,0,0,0,0,0,0,0,0,0
686,Pol Tristan Jimenez,pol-tristan-jimenez,G,Granada,granada,0,1,0,0,0,0,0,0,0,0,0,0,0,0
687,Rachad Dhimi,rachad-dhimi,F,Almería,almeria,0,1,0,0,0,0,0,0,0,0,0,0,0,0
688,Francisco Vieites,francisco-vieites,G,Real Betis,real-betis,0,1,0,0,0,0,0,0,0,0,0,0,0,0
689,Diego Kochen,kochen-diego,G,Barcelona,barcelona,0,1,0,0,0,0,0,0,0,0,0,0,0,0
690,Jorge Pascual,jorge-pascual,F,Villarreal,villarreal,0,1,0,0,0,0,0,0,0,0,0,0,0,0
691,Abraham Rando,rando-abraham,D,Villarreal,villarreal,0,1,0,0,0,0,0,0,0,0,0,0,0,0
692,Pablo Valencia,pablo-valencia,G,Osasuna,osasuna,0,1,0,0,0,0,0,0,0,0,0,0,0,0
693,Hugo Martín,hugo-martin,M,Real Sociedad,real-sociedad,0,1,0,0,0,0,0,0,0,0,0,0,0,0
694,Aitor Fraga,aitor-fraga,G,Real Sociedad,real-sociedad,0,1,0,0,0,0,0,0,0,0,0,0,0,0
695,Álex Padilla,alex-padilla,G,Athletic Club,athletic-club,0,1,0,0,0,0,0,0,0,0,0,0,0,0
696,Hugo González,hugo-gonzalez,F,Valencia,valencia,0,1,0,0,0,0,0,0,0,0,0,0,0,0
697,Mario Martín,mario-martin,M,Real Madrid,real-madrid,0,1,0,0,0,0,0,0,0,0,0,0,0,0
698,Alberto Flores,alberto-flores,G,Sevilla,sevilla,0,1,0,0,0,0,0,0,0,0,0,0,0,0
699,Adrián Rodríguez,adrian-rodriguez,G,Deportivo Alavés,deportivo-alaves,0,1,0,0,0,0,0,0,0,0,0,0,0,0
700,Adria Miquel Bosch Sanchis,adria-miquel-bosch-sanchis,D,Granada,granada,0,1,0,0,0,0,0,0,0,0,0,0,0,0
701,Marco Camús,marco-camus,M,Valencia,valencia,0,1,0,0,0,0,0,0,0,0,0,0,0,0
702,Rafael Romero,rafael-romero,G,Sevilla,sevilla,0,1,0,0,0,0,0,0,0,0,0,0,0,0
703,Reinildo Mandava,reinildo-mandava,D,Atlético Madrid,atletico-madrid,0,1,0,0,0,0,0,0,0,0,0,0,0,0
704,Jordi Martín,jordi-martin,F,Getafe,getafe,2,1,2,0,0,0,0,0,0,0,0,0,0,0
705,Nobel Mendy,mendy-nobel,D,Real Betis,real-betis,0,1,0,0,0,0,0,0,0,0,0,0,0,0
706,Ángel Alarcón,angel-alarcon,F,Barcelona,barcelona,0,1,0,0,0,0,0,0,0,0,0,0,0,0
707,Héctor Fort,hector-fort,D,Barcelona,barcelona,0,1,0,0,0,0,0,0,0,0,0,0,0,0
708,Javi Domínguez,javi-dominguez,D,Celta Vigo,celta-vigo,0,1,0,0,0,0,0,0,0,0,0,0,0,0
709,Coke Carrillo,coke-carrillo,G,Celta Vigo,celta-vigo,0,1,0,0,0,0,0,0,0,0,0,0,0,0
710,Bryan Fiabema,bryan-fiabema,F,Real Sociedad,real-sociedad,0,1,0,0,0,0,0,0,0,0,0,0,0,0
711,Ali Fadal,ali-fadal,M,Valencia,valencia,0,1,0,0,0,0,0,0,0,0,0,0,0,0
712,Ruben Iranzo Lendinez,ruben-iranzo-lendinez,D,Valencia,valencia,0,1,0,0,0,0,0,0,0,0,0,0,0,0
713,Vinícius Tobías,vinicius-tobias,D,Real Madrid,real-madrid,0,1,0,0,0,0,0,0,0,0,0,0,0,0
714,Fran Gonzalez,gonzalez-fran,G,Real Madrid,real-madrid,0,1,0,0,0,0,0,0,0,0,0,0,0,0
715,Xavi Sintes,xavi-sintes,M,Sevilla,sevilla,0,1,0,0,0,0,0,0,0,0,0,0,0,0
716,Alberto Collado,alberto-collado,M,Sevilla,sevilla,0,1,0,0,0,0,0,0,0,0,0,0,0,0
717,Oso,oso,M,Sevilla,sevilla,0,1,0,0,0,0,0,0,0,0,0,0,0,0
718,Rayane Belaid Khellil,rayane-belaid-khellil,M,Atlético Madrid,atletico-madrid,0,1,0,0,0,0,0,0,0,0,0,0,0,0
719,Aitor Gismera,aitor-gismera,M,Atlético Madrid,atletico-madrid,0,1,0,0,0,0,0,0,0,0,0,0,0,0
720,Selu Diallo,selu-diallo,M,Deportivo Alavés,deportivo-alaves,0,1,0,0,0,0,0,0,0,0,0,0,0,0
721,Alex Almansa,alex-almansa,F,Girona FC,girona-fc,0,1,0,0,0,0,0,0,0,0,0,0,0,0
722,Juan Arango,juan-arango,M,Girona FC,girona-fc,0,1,0,0,0,0,0,0,0,0,0,0,0,0
723,Mikel Jauregizar,mikel-jauregizar,M,Athletic Bilbao B,athletic-bilbao-b,1,1,1,0,0,0,0,0,0,0,0,0,0,0
724,Mario de Luis,mario-de-luis,G,Real Madrid,real-madrid,0,1,0,0,0,0,0,0,0,0,0,0,0,0
725,Joel Roca,joel-roca,F,Girona FC,girona-fc,0,1,0,0,0,0,0,0,0,0,0,0,0,0
726,Fran Árbol,fran-arbol,G,Granada,granada,0,1,0,0,0,0,0,0,0,0,0,0,0,0
727,Johnny,johnny,M,Real Betis,real-betis,1,1,2,0,0,0,1,0,0,0,0,0,0,0
728,Pablo Busto,pablo-busto,D,Real Betis,real-betis,0,1,0,0,0,0,0,0,0,0,0,0,0,0
729,German Garcia Fernandez,german-garcia-fernandez,G,Real Betis,real-betis,0,1,0,0,0,0,0,0,0,0,0,0,0,0
730,Guilherme Sousa Carvalho Fernandes,carvalho-fernandes-guilherme-sousa,G,Real Betis,real-betis,0,1,0,0,0,0,0,0,0,0,0,0,0,0
731,Vitor Roque,vitor-roque,F,Barcelona,barcelona,2,1,1,1,0,0,0,1,0,0,0,0,0,0
732,Pau Prim,prim-pau,M,Barcelona,barcelona,0,1,0,0,0,0,0,0,0,0,0,0,0,0
733,Hector Fort,fort-hector,D,Barcelona U19,barcelona-u19,4,1,1,0,1,0,0,0,0,0,0,0,0,0
734,Pau Cubarsi,cubarsi-pau,D,Barcelona,barcelona,0,1,0,0,0,0,0,0,0,0,0,0,0,0
735,Ander Astralaga,ander-astralaga,G,Barcelona Atlètic,barcelona-atletic,0,1,0,0,0,0,0,0,0,0,0,0,0,0
736,Aaron Yaakobisvili,yaakobisvili-aaron,G,Barcelona,barcelona,0,1,0,0,0,0,0,0,0,0,0,0,0,0
737,Eric Bailly,eric-bailly,D,Villarreal,villarreal,0,1,0,0,0,0,0,0,0,0,0,0,0,0
738,Max Svensson,max-svensson,F,Osasuna,osasuna,0,1,0,0,0,0,0,0,0,0,0,0,0,0
739,Raul,raul,F,Osasuna,osasuna,0,1,0,0,0,0,0,0,0,0,0,0,0,0
740,Dimitrios Stamatakis,stamatakis-dimitrios,G,Osasuna,osasuna,0,1,0,0,0,0,0,0,0,0,0,0,0,0
741,Pablo Valencia,valencia-pablo,G,Osasuna,osasuna,0,1,0,0,0,0,0,0,0,0,0,0,0,0
742,Jailson,jailson,M,Celta Vigo,celta-vigo,6,1,2,0,1,1,0,0,0,0,0,0,0,0
743,Javier Rodrguez Galiano,rodrguez-galiano-javier,D,Celta Vigo,celta-vigo,0,1,0,0,0,0,0,0,0,0,0,0,0,0
744,Raul Garcia Gonzalez,gonzalez-raul-garcia,G,Celta Vigo,celta-vigo,0,1,0,0,0,0,0,0,0,0,0,0,0,0
745,Alex Lebarbier,lebarbier-alex,M,Real Sociedad,real-sociedad,0,1,0,0,0,0,0,0,0,0,0,0,0,0
746,Jon Gorrotxategi,gorrotxategi-jon,M,Real Sociedad,real-sociedad,0,1,0,0,0,0,0,0,0,0,0,0,0,0
747,Jon Martin Vicente,vicente-jon-martin,D,Real Sociedad,real-sociedad,0,1,0,0,0,0,0,0,0,0,0,0,0,0
748,Eneko Astigarraga,astigarraga-eneko,D,Real Sociedad,real-sociedad,0,1,0,0,0,0,0,0,0,0,0,0,0,0
749,Jon Mikel Aramburu Mejias,aramburu-mejias-jon-mikel,D,Real Sociedad,real-sociedad,0,1,0,0,0,0,0,0,0,0,0,0,0,0
750,Aingeru Olabarrieta,olabarrieta-aingeru,F,Athletic Club,athletic-club,0,1,0,0,0,0,0,0,0,0,0,0,0,0
751,Hugo Rincon Lumbreras,rincon-lumbreras-hugo,D,Athletic Club,athletic-club,0,1,0,0,0,0,0,0,0,0,0,0,0,0
752,Alex Padilla,padilla-alex,G,Athletic Bilbao B,athletic-bilbao-b,0,1,0,0,0,0,0,0,0,0,0,0,0,0
753,Amath Diedhiou,amath-diedhiou,F,Mallorca,mallorca,0,1,0,0,0,0,0,0,0,0,0,0,0,0
754,Daniel Andres Luna Garcia,daniel-andres-luna-garcia,M,Mallorca,mallorca,0,1,0,0,0,0,0,0,0,0,0,0,0,0
755,Brian Cufré,brian-cufre,D,Mallorca,mallorca,0,1,0,0,0,0,0,0,0,0,0,0,0,0
756,Carles Sogorb Oliver,sogorb-oliver-carles,D,Mallorca,mallorca,0,1,0,0,0,0,0,0,0,0,0,0,0,0
757,Jose Luis Perez del Amo,perez-del-amo-jose-luis,F,Valencia,valencia,0,1,0,0,0,0,0,0,0,0,0,0,0,0
758,Ali Fadal,fadal-ali,M,Valencia,valencia,0,1,0,0,0,0,0,0,0,0,0,0,0,0
759,David Otorbi,otorbi-david,M,Valencia,valencia,0,1,0,0,0,0,0,0,0,0,0,0,0,0
760,Mario Dominguez Franco,dominguez-franco-mario,M,Valencia,valencia,0,1,0,0,0,0,0,0,0,0,0,0,0,0
761,Martin Tejon Fauli,tejon-fauli-martin,M,Valencia,valencia,0,1,0,0,0,0,0,0,0,0,0,0,0,0
762,Javier Navarro Girona,navarro-girona-javier,M,Valencia,valencia,0,1,0,0,0,0,0,0,0,0,0,0,0,0
763,Álvaro Rodríguez,alvaro-rodriguez,F,Real Madrid,real-madrid,0,1,0,0,0,0,0,0,0,0,0,0,0,0
764,Mario Martin,martin-mario,M,Real Madrid,real-madrid,0,1,0,0,0,0,0,0,0,0,0,0,0,0
765,Álvaro Carrillo,alvaro-carrillo,D,Real Madrid,real-madrid,0,1,0,0,0,0,0,0,0,0,0,0,0,0
766,Rafael Obrador,rafael-obrador,D,Real Madrid,real-madrid,0,1,0,0,0,0,0,0,0,0,0,0,0,0
767,Marvelous Antolin Garzon,garzon-marvelous-antolin,D,Real Madrid,real-madrid,0,1,0,0,0,0,0,0,0,0,0,0,0,0
768,Edgar Climent Pujol Portorreal,pujol-portorreal-edgar-climent,D,Real Madrid,real-madrid,0,1,0,0,0,0,0,0,0,0,0,0,0,0
769,Ibrahima Sow,ibrahima-sow,F,Sevilla U19,sevilla-u19,0,1,0,0,0,0,0,0,0,0,0,0,0,0
770,Isra Dominguez,dominguez-isra,F,Sevilla,sevilla,0,1,0,0,0,0,0,0,0,0,0,0,0,0
771,Alberto Collado,collado-alberto,M,Sevilla,sevilla,0,1,0,0,0,0,0,0,0,0,0,0,0,0
772,Miguel Jimenez Capitas,jimenez-capitas-miguel,M,Sevilla,sevilla,0,1,0,0,0,0,0,0,0,0,0,0,0,0
773,Luis Dasilva Rodriguez,dasilva-rodriguez-luis,M,Sevilla,sevilla,0,1,0,0,0,0,0,0,0,0,0,0,0,0
774,Alex Calatrava,calatrava-alex,F,Atlético Madrid,atletico-madrid,0,1,0,0,0,0,0,0,0,0,0,0,0,0
775,Salim El Jebari,salim-el-jebari,M,Atlético Madrid,atletico-madrid,0,1,0,0,0,0,0,0,0,0,0,0,0,0
776,Marcos Paulo,marcos-paulo,M,Atlético Madrid,atletico-madrid,0,1,0,0,0,0,0,0,0,0,0,0,0,0
777,Ilias Kostis,ilias-kostis,D,Atlético Madrid,atletico-madrid,0,1,0,0,0,0,0,0,0,0,0,0,0,0
778,Javier Boñar,javier-bonar,D,Atlético Madrid,atletico-madrid,0,1,0,0,0,0,0,0,0,0,0,0,0,0
779,Rayane Belid,belid-rayane,D,Atlético Madrid,atletico-madrid,0,1,0,0,0,0,0,0,0,0,0,0,0,0
780,Alejandro Iturbe,iturbe-alejandro,G,Atlético Madrid,atletico-madrid,0,1,0,0,0,0,0,0,0,0,0,0,0,0
781,Sergio Mestre,sergio-mestre,G,Atlético Madrid,atletico-madrid,0,1,0,0,0,0,0,0,0,0,0,0,0,0
782,Rachad Fettal,fettal-rachad,F,Almería,almeria,0,1,0,0,0,0,0,0,0,0,0,0,0,0
783,Martin Svidersky,martin-svidersky,M,Almería,almeria,0,1,0,0,0,0,0,0,0,0,0,0,0,0
784,Carlos Ballestero Garcia,ballestero-garcia-carlos,D,Almería,almeria,0,1,0,0,0,0,0,0,0,0,0,0,0,0
785,Bruno Iribarne,iribarne-bruno,G,Almería,almeria,0,1,0,0,0,0,0,0,0,0,0,0,0,0
786,Jordi,jordi,M,Getafe,getafe,0,1,0,0,0,0,0,0,0,0,0,0,0,0
787,J Patrick,patrick-j,M,Getafe,getafe,0,1,0,0,0,0,0,0,0,0,0,0,0,0
788,Facundo Esnaider  Ruiz,esnaider-ruiz-facundo,M,Getafe,getafe,0,1,0,0,0,0,0,0,0,0,0,0,0,0
789,Jorge Benito de Valle Martin,benito-de-valle-martin-jorge,G,Getafe,getafe,0,1,0,0,0,0,0,0,0,0,0,0,0,0
790,Giorgi Gagua,gagua-giorgi,F,Deportivo Alavés,deportivo-alaves,0,1,0,0,0,0,0,0,0,0,0,0,0,0
791,Carlos Vicente,vicente-carlos,M,Deportivo Alavés,deportivo-alaves,0,1,0,0,0,0,0,0,0,0,0,0,0,0
792,Rafael Marin Zamora,rafael-marin-zamora,D,Deportivo Alavés,deportivo-alaves,0,1,0,0,0,0,0,0,0,0,0,0,0,0
793,Ruben Montero,montero-ruben,G,Deportivo Alavés,deportivo-alaves,0,1,0,0,0,0,0,0,0,0,0,0,0,0
794,Jose Antonio de la Rosa,de-la-rosa-jose-antonio,F,Cádiz,cadiz,0,1,0,0,0,0,0,0,0,0,0,0,0,0
795,Aristide Njalla,njalla-aristide,F,Cádiz,cadiz,0,1,0,0,0,0,0,0,0,0,0,0,0,0
796,Moussa Diakité,moussa-diakite,M,Cádiz,cadiz,0,1,0,0,0,0,0,0,0,0,0,0,0,0
797,Adrian Salguero Cid,salguero-cid-adrian,D,Cádiz,cadiz,0,1,0,0,0,0,0,0,0,0,0,0,0,0
798,Pau Ferrer Besalduch,ferrer-besalduch-pau,F,Las Palmas,las-palmas,0,1,0,0,0,0,0,0,0,0,0,0,0,0
799,Deo Gracias Maurile Gloire Bassinga,bassinga-deo-gracias-maurile-gloire,F,Las Palmas,las-palmas,0,1,0,0,0,0,0,0,0,0,0,0,0,0
800,Gustavo Yadam Santana Hernandez,santana-hernandez-gustavo-yadam,M,Las Palmas,las-palmas,0,1,0,0,0,0,0,0,0,0,0,0,0,0
801,Inaki,inaki,M,Las Palmas,las-palmas,0,1,0,0,0,0,0,0,0,0,0,0,0,0
802,Gabriel Palmero,gabriel-palmero,D,Las Palmas,las-palmas,0,1,0,0,0,0,0,0,0,0,0,0,0,0
803,Iker Almena,almena-iker,F,Girona FC,girona-fc,0,1,0,0,0,0,0,0,0,0,0,0,0,0
804,Joel Roca Casals,joel-roca-casals,F,Girona FC,girona-fc,0,1,0,0,0,0,0,0,0,0,0,0,0,0
805,Alex Almansa,almansa-alex,F,Girona FC,girona-fc,0,1,0,0,0,0,0,0,0,0,0,0,0,0
806,Juan Arango,arango-juan,F,Girona FC,girona-fc,0,1,0,0,0,0,0,0,0,0,0,0,0,0
807,Jastin Garca,garca-jastin,F,Girona FC,girona-fc,0,1,0,0,0,0,0,0,0,0,0,0,0,0
808,Enric Garcia,garcia-enric,M,Girona FC,girona-fc,0,1,0,0,0,0,0,0,0,0,0,0,0,0
809,Antal Yaakobishvili,yaakobishvili-antal,D,Girona FC,girona-fc,0,1,0,0,0,0,0,0,0,0,0,0,0,0
810,Matías Arezo,matias-arezo,F,Granada,granada,0,1,1,0,0,0,1,0,0,0,0,0,0,0
811,Mario Gonzalez Bravo,gonzalez-bravo-mario,M,Granada,granada,0,1,0,0,0,0,0,0,0,0,0,0,0,0
812,Bruno Méndez,bruno-mendez,D,Granada,granada,10,1,2,1,0,0,0,0,0,0,0,0,0,2
813,Augusto Batalla,augusto-batalla,G,Granada,granada,2,1,2,0,0,0,1,0,0,0,0,1,0,0
814,Adri López,adri-lopez,G,Granada,granada,0,1,0,0,0,0,0,0,0,0,0,0,0,0
815,Fran Arbol,arbol-fran,G,Granada,granada,0,1,0,0,0,0,0,0,0,0,0,0,0,0
816,Iker Muñoz,iker-munoz,M,Osasuna,osasuna,2,1,2,0,0,0,0,0,0,1,0,0,0,0
817,Hannibal Mejbri,hannibal-mejbri,M,Sevilla,sevilla,0,1,1,0,0,0,1,0,0,0,0,0,0,0
818,Lucien Agoumé,lucien-agoume,M,Sevilla,sevilla,2,1,2,0,0,0,0,0,0,0,0,0,0,0
819,Ilaix Moriba,ilaix-moriba,M,Getafe,getafe,0,1,0,0,0,0,0,0,0,0,0,0,0,0
820,Yellu Santiago,yellu-santiago,M,Getafe,getafe,1,1,2,0,0,0,1,0,0,0,0,0,0,0
821,Martin Hongla,martin-hongla,M,Granada,granada,2,1,2,0,0,0,0,0,0,0,0,0,0,0
822,Kamil Piątkowski,kamil-piatkowski,D,Granada,granada,-2,1,1,0,0,0,0,1,0,0,0,0,0,0
823,Javier Manquillo,javier-manquillo,D,Celta Vigo,celta-vigo,6,1,2,0,0,1,0,0,0,0,0,0,0,0
824,Sheraldo Becker,sheraldo-becker,F,Real Sociedad,real-sociedad,1,1,1,0,0,0,0,0,0,0,0,0,0,0
825,Iñaki Rupérez Urtasun,inaki-ruperez-urtasun,D,Real Sociedad,real-sociedad,0,1,0,0,0,0,0,0,0,0,0,0,0,0
826,Luka Romero,luka-romero,M,Almería,almeria,1,1,1,0,0,0,0,0,0,0,0,0,0,0
827,Aleksandar Radovanović,aleksandar-radovanovic,D,Almería,almeria,0,1,0,0,0,0,0,0,0,0,0,0,0,0
828,Djordjije Medenica,djordjije-medenica,G,Getafe,getafe,0,1,0,0,0,0,0,0,0,0,0,0,0,0
829,Etta Eyong,etta-eyong,M,Cádiz,cadiz,0,1,0,0,0,0,0,0,0,0,0,0,0,0
830,Ricard Artero,ricard-artero,M,Girona FC,girona-fc,0,1,0,0,0,0,0,0,0,0,0,0,0,0
831,Lassina Sangare,lassina-sangare,M,Granada,granada,0,1,0,0,0,0,0,0,0,0,0,0,0,0
832,Pablo Sáenz,pablo-saenz,,Granada,granada,0,1,0,0,0,0,0,0,0,0,0,0,0,0
833,Cédric Bakambu,cedric-bakambu,F,Real Betis,real-betis,0,1,0,0,0,0,0,0,0,0,0,0,0,0
834,Pablo Fornals,pablo-fornals,M,Real Betis,real-betis,1,1,1,0,0,0,0,0,0,0,0,0,0,0
835,Xavier Pleguezuelo,xavier-pleguezuelo,D,Real Betis,real-betis,0,1,0,0,0,0,0,0,0,0,0,0,0,0
836,Miguel Crespo,miguel-crespo,M,Rayo Vallecano,rayo-vallecano,0,1,1,0,0,0,1,0,0,0,0,0,0,0
837,Bertrand Traoré,bertrand-traore,F,Villarreal,villarreal,0,1,0,0,0,0,0,0,0,0,0,0,0,0
838,Gonçalo Guedes,goncalo-guedes,F,Villarreal,villarreal,1,1,1,0,0,0,0,0,0,0,0,0,0,0
839,Yerson Mosquera,yerson-mosquera,D,Villarreal,villarreal,0,1,0,0,0,0,0,0,0,0,0,0,0,0
840,Tadeo Allende,tadeo-allende,M,Celta Vigo,celta-vigo,1,1,1,0,0,0,0,0,0,0,0,0,0,0
841,Javier Dominguez Arribas,javier-dominguez-arribas,D,Celta Vigo,celta-vigo,0,1,0,0,0,0,0,0,0,0,0,0,0,0
842,Joel Lopez,joel-lopez,D,Celta Vigo,celta-vigo,0,1,0,0,0,0,0,0,0,0,0,0,0,0
843,Inaki Ruperez,ruperez-inaki,D,Real Sociedad,real-sociedad,0,1,0,0,0,0,0,0,0,0,0,0,0,0
844,Nemanja Radonjić,nemanja-radonjic,F,Mallorca,mallorca,0,1,0,0,0,0,0,0,0,0,0,0,0,0
845,Alex Quevedo,quevedo-alex,G,Mallorca,mallorca,0,1,0,0,0,0,0,0,0,0,0,0,0,0
846,Peter González,peter-gonzalez,F,Valencia,valencia,0,1,0,0,0,0,0,0,0,0,0,0,0,0
847,Alejo Véliz,alejo-veliz,F,Sevilla,sevilla,0,1,0,0,0,0,0,0,0,0,0,0,0,0
848,Arthur Vermeeren,arthur-vermeeren,M,Atlético Madrid,atletico-madrid,0,1,0,0,0,0,0,0,0,0,0,0,0,0
849,Horațiu Moldovan,horatiu-moldovan,G,Atlético Madrid,atletico-madrid,0,1,0,0,0,0,0,0,0,0,0,0,0,0
850,Bruno Langa,bruno-langa,D,Almería,almeria,0,1,0,0,0,0,0,0,0,0,0,0,0,0
851,Jesus Santiago Perez,santiago-perez-jesus,M,Getafe,getafe,0,1,0,0,0,0,0,0,0,0,0,0,0,0
852,Diadié Samassékou,diadie-samassekou,M,Cádiz,cadiz,0,1,0,0,0,0,0,0,0,0,0,0,0,0
853,Aiham Ousou,aiham-ousou,D,Cádiz,cadiz,0,1,0,0,0,0,0,0,0,0,0,0,0,0
854,Eghosa Augustine Bello,bello-eghosa-augustine,F,Granada,granada,0,1,0,0,0,0,0,0,0,0,0,0,0,0
855,Facundo Pellistri,facundo-pellistri,M,Granada,granada,3,1,2,0,0,1,0,0,0,0,0,0,0,0
856,Kamil Jóźwiak,kamil-jozwiak,M,Granada,granada,0,1,0,0,0,0,0,0,0,0,0,0,0,0
857,Faitout Maouassa,faitout-maouassa,M,Granada,granada,1,1,1,0,0,0,0,0,0,0,0,0,0,0
858,Theo Corbeanu,theo-corbeanu,M,Granada,granada,1,1,1,0,0,0,0,0,0,0,0,0,0,0
859,Marc Martínez,marc-martinez,G,Granada,granada,0,1,0,0,0,0,0,0,0,0,0,0,0,0
860,Jon Aramburu,jon-aramburu,M,Real Sociedad B,real-sociedad-b,3,1,2,0,0,1,0,0,0,0,0,0,0,0
861,Adama Boiro,adama-boiro,F,Athletic Club,athletic-club,0,1,0,0,0,0,0,0,0,0,0,0,0,0
862,Joaquin Panichelli,panichelli-joaquin,F,Deportivo Alavés,deportivo-alaves,1,1,1,0,0,0,0,0,0,0,0,0,0,0
863,Iñaki González,inaki-gonzalez,M,Las Palmas,las-palmas,0,1,0,0,0,0,0,0,0,0,0,0,0,0
